place_id,name,address,phone,international_phone,website,rating,total_reviews,types,matched_keyword,vicinity,score,_tier
ChIJE16se4ypXZQRsLybxpIVYO4,Crecer Inmobiliaria,"Alfredo Seiferheld, Asunción 001421, Paraguay",(021) 338 1199,+595 21 338 1199,http://www.crecer.com.py/,4.8,297,"['establishment', 'point_of_interest', 'real_estate_agency']",inmobiliaria,,80,A
ChIJT7ufQcylXZQRM2Cbph-ev5k,Universidad Maria Auxiliadora,"QF76+5VJ, Asunción 001506, Paraguay",(021) 296 900,+595 21 296 900,http://www.umax.edu.py/,4.5,344,"['establishment', 'health', 'point_of_interest', 'university']",universidad,,75,A
ChIJRykE0venXZQREguw6qus0X8,Universidad Iberoamericana (UNIBE),"Avenida Ygatimi, Entre 15 de agosto y O'leary, Asunción 1270, Paraguay",(021) 446 148,+595 21 446 148,http://www.unibe.edu.py/,4.4,228,"['establishment', 'point_of_interest', 'university']",universidad privada paraguay,,70,A
ChIJacUE4neoXZQR8vzoWJs19Yo,Urba Inmobiliaria,"Av Gral Máximo Santos y, Asunción 001208, Paraguay",(021) 204 646,+595 21 204 646,https://www.urba.com.py/,4.5,192,"['establishment', 'point_of_interest', 'real_estate_agency']",inmobiliaria,,70,A
ChIJ10PBDwmvXZQR_odjEDxBv9I,"Dr. Carlos Escauriza Benítez, Abogado","Mariano Roque Alonso CASI, Asunción 001004, Paraguay",0983 214530,+595 983 214530,https://carlosescaurizabenitez.com/,4.8,55,"['establishment', 'lawyer', 'point_of_interest']",abogado,,70,A
ChIJmY66Zu6nXZQRYJ3fRe9z8dU,Abas Inmobiliaria,"Eligio Ayala 196, Asunción 001101, Paraguay",(021) 444 061,+595 21 444 061,http://www.abas.com.py,4.5,148,"['establishment', 'general_contractor', 'point_of_interest']",inmobiliaria,,70,A
ChIJsbZ9BACnXZQRP55DjQJFJZs,Villamayor Abogados,"Cerro Corá 1048, Asunción 001220, Paraguay",0981 290835,+595 981 290835,,5.0,127,"['establishment', 'point_of_interest']",abogado,,70,A
ChIJjzdy9uinXZQRqeq1UwY83I8,Bernis Abogados,"Milano, Asunción 001102, Paraguay",0981 149854,+595 981 149854,,4.8,122,"['establishment', 'point_of_interest']",abogado,,70,A
ChIJT33nPPGnXZQRWxWAHSUtMj8,Inmobiliaria del Este S.A.,"Humaita 222, Asunción 1244, Paraguay",(021) 413 1000,+595 21 413 1000,http://www.idesa.com.py/,4.0,553,"['establishment', 'point_of_interest', 'real_estate_agency']",inmobiliaria,,70,A
ChIJZZ2p5_2nXZQRWfnh8G1JyXU,Inmobiliaria Nueva Alianza Propiedades,"Av. Brasilia n° 639, Asunción 001204, Paraguay",(021) 328 3328,+595 21 328 3328,http://www.inmobiliariana.com.py/,5.0,65,"['establishment', 'finance', 'point_of_interest', 'real_estate_agency']",inmobiliaria,,70,A
ChIJ8XvMPs2nXZQRtyg-SUjwoY8,Universidad Americana,"Av. Brasilia 1100, Asunción 1429, Paraguay",(021) 729 4900,+595 21 729 4900,https://www.americana.edu.py/,4.2,879,"['establishment', 'point_of_interest', 'university']",universidad,,70,A
ChIJr7XigNanXZQReUPBer_c_Jc,Universidad Metropolitana de Asunción,"Rca. Dominicana 387, Asunción 001208, Paraguay",(021) 201 939,+595 21 201 939,http://uma.edu.py/,4.6,152,"['establishment', 'point_of_interest', 'university']",universidad,,70,A
ChIJ8dvoTvWnXZQRyyzpXHLz3Vc,Universidad Autónoma del Paraguay,"Colón 658 e/ Gral. Diaz y Eduardo Víctor Haedo, Asunción 001010, Paraguay",(021) 447 579,+595 21 447 579,http://uap.edu.py/,4.5,186,"['establishment', 'point_of_interest', 'university']",universidad privada paraguay,,70,A
ChIJwefWgIiuXZQRl0EkTM47n0Y,Universidad San Lorenzo,"Dir.: España 330 c/ San Lorenzo y Cnel. Bogado España N° 412, San Lorenzo 2160, San Lorenzo 111422, Paraguay",(021) 235 8000,+595 21 235 8000,https://www.unisal.edu.py/,4.2,381,"['establishment', 'point_of_interest', 'university']",universidad,,70,A
ChIJI1yDoOinXZQRj9msNtFfQIE,La Paraguaya Inmobiliaria S.A.,"Av. Estados Unidos 202, Asunción 001218, Paraguay",(021) 413 7000,+595 21 413 7000,http://www.lpi.com.py/,4.1,306,"['establishment', 'point_of_interest', 'real_estate_agency']",inmobiliaria paraguay,,70,A
ChIJ70ogivSnXZQRGXuyKEiXoqc,Aurora Inmobiliaria S.A.,"Alberdi, Asunción 001102, Paraguay",(021) 491 262,+595 21 491 262,http://www.aurora.com.py/,4.2,230,"['establishment', 'point_of_interest', 'real_estate_agency']",inmobiliaria paraguay,,70,A
ChIJW9yMkdynXZQRIv7UvwMgX7s,Olmedo Abogados,"Av. Perú, Asunción 001209, Paraguay",(021) 207 185,+595 21 207 185,http://www.olmedo.com.py/,4.6,59,"['establishment', 'point_of_interest']",abogado,,65,A
ChIJSe7LvyEIXZQRhROhz--VwKE,Universidad Privada del Este - Sede Asunción,"P9C2+4V5, Tte. Guillermo Arias y, Asunción 001010, Paraguay",0981 191853,+595 981 191853,http://www.upeasuncion.edu.py/,4.6,97,"['establishment', 'point_of_interest', 'university']",universidad privada paraguay,,65,A
ChIJpXzRe4aoXZQRoVwM-kUwdW0,Asociación De Empleados Del Banco Central Del Paraguay,"PC34+2MG, Choferes del Chaco, Asunción 001229, Paraguay",(021) 619 2689,+595 21 619 2689,,4.4,325,"['establishment', 'point_of_interest']",banco privado paraguay,,65,A
ChIJz86NqDSpXZQRL5N9PM91TCg,Banco Itaú CAC Centenario,"PC64+M9M, Av. Mariscal López, Asunción 001412, Paraguay",(021) 617 2840,+595 21 617 2840,https://www.itau.com.py/Paginas/paravos_atencionparavos_telefonosdesucursales,4.7,88,"['establishment', 'point_of_interest']",banco,,65,A
ChIJWeHB5kmmXZQRJKrexAnFEDQ,Universidad San Ignacio de Loyola - Paraguay,"Av. Venezuela 2087, Asunción 001533, Paraguay",(021) 282 801,+595 21 282 801,https://www.usil.edu.py/,4.6,65,"['establishment', 'point_of_interest', 'university']",universidad,,65,A
ChIJC0-t5COoXZQRqbrv1flxDKc,Universidad Católica Nuestra Señora de la Asunción,"Tte. Lidio Cantalupi, Asunción 001303, Paraguay",(021) 318 4000,+595 21 318 4000,,4.3,518,"['establishment', 'point_of_interest', 'university']",universidad,,65,A
ChIJ85FzJ82nXZQRObXeM0Zypgo,Universidad Central del Paraguay,"Brasilia N° 1.158 e/ Tte. 2° Benigno Villamayor c/ Insaurralde, Asunción 001206, Paraguay",0993 456000,+595 993 456000,https://www.central.edu.py/,4.6,50,"['establishment', 'point_of_interest', 'university']",universidad,,65,A
ChIJU6QWJFumXZQRUpYYXlL4oKA,"National Institute of Technology, Standardization and Metrology","Av. Gral. José Gervasio Artigas 3973, Asunción 1706, Paraguay",(021) 288 6000,+595 21 288 6000,http://www.intn.gov.py/,4.2,170,"['establishment', 'local_government_office', 'point_of_interest', 'university']",technology,,65,A
ChIJi7SKspuoXZQRRTlQMZKF97c,UCOM - Universidad Comunera,"Dr. Juan Eulogio Estigarribia, Asunción 001412, Paraguay",(021) 338 7000,+595 21 338 7000,https://www.ucom.edu.py/,4.4,119,"['establishment', 'point_of_interest', 'university']",universidad privada paraguay,,65,A
ChIJp-8wHAOmXZQRuPJpOiwY2L4,Consultora Jazmín Mendoza,"Herib Campos Cervera casi, Dr. Molas López 1347, Asunción 001527, Paraguay",(021) 622 304,+595 21 622 304,http://www.jm.com.py/,4.5,51,"['establishment', 'point_of_interest']",consultora,,65,A
ChIJnVfEuJeoXZQRS8b9cHZ6sqI,Zadock Technology,"Antolin Irala 3190, Asunción 001405, Paraguay",(021) 665 015,+595 21 665 015,http://www.zadock.com/,4.7,59,"['establishment', 'point_of_interest']",technology,,65,A
ChIJKWiLcd6nXZQRW-2nUGVj0pw,EMSA Inmobiliaria S.A.,"Avenida República Argentina, &, Asunción 001421, Paraguay",0976 581281,+595 976 581281,http://www.emsa.com.py/,4.3,77,"['establishment', 'point_of_interest', 'real_estate_agency']",inmobiliaria,,60,A
ChIJQ0av99WnXZQRzjQDRWWqPE0,"Turbaux, Fuchs, Zorraquín, Abogados","Capitan Herminio Maldonado N° 844, Asunción 001407, Paraguay",0981 619000,+595 981 619000,http://www.estudiotfz.com/,4.9,30,"['establishment', 'point_of_interest']",abogado,,60,A
ChIJueYHntKpXZQR_0tFnKU684s,Clinica San Nicolás,"Incas 3467, Asunción 001426, Paraguay",0984 102582,+595 984 102582,https://www.csn.com.py/,4.9,36,"['establishment', 'health', 'point_of_interest']",clinica medica,,60,A
ChIJ6aYllJaoXZQRqbXf6hCJtJk,Universidad Centro Medico Bautista,"Av. República Argentina 635 Casi, Asunción 001416, Paraguay",(021) 603 655,+595 21 603 655,https://ucmb.edu.py/,4.1,79,"['establishment', 'point_of_interest', 'university']",universidad,,60,A
ChIJDW4x1aaoXZQRPyQk8UpAS2c,Banco BASA,"Av. Aviadores del Chaco, Asunción 001410, Paraguay",(021) 618 7070,+595 21 618 7070,https://www.bancobasa.com.py/,4.2,63,"['bank', 'establishment', 'finance', 'point_of_interest']",banco,,60,A
ChIJ5RkQc3aoXZQRE7uCgZOGl0c,Dsv Estudio Juridico,"Azara 1879, Asunción 001224, Paraguay",0981 868777,+595 981 868777,https://www.dsvestudio.com/,5.0,35,"['establishment', 'lawyer', 'local_government_office', 'point_of_interest']",estudio juridico paraguay,,60,A
ChIJf7a7ju2nXZQRkRL95BDSw1I,"Universidad Católica ""Nuestra Señora de la Asunción"" Sede Central","Cordillera de Amambay casi, Asunción 001101, Paraguay",(021) 318 4000,+595 21 318 4000,,3.9,288,"['establishment', 'point_of_interest', 'university']",universidad,,60,A
ChIJG6B9p9ynXZQRDQVJVp6tKUU,Vouga Abogados,"Juan de Salazar y Espinoza 657, Asunción 001210, Paraguay",(021) 202 049,+595 21 202 049,https://www.vouga.com.py/,4.3,54,"['establishment', 'point_of_interest']",abogado,,60,A
ChIJMSPJwi-pXZQRXlZSjft_hrQ,Top Technology Villa Morra,"San Roque Gonzalez de Santacruz &, Quesada, Asunción 1518, Paraguay",0992 780941,+595 992 780941,https://www.toptechnology.com.py/,3.7,125,"['establishment', 'point_of_interest', 'store']",technology,,60,A
ChIJg-r6i_GnXZQRvEjGb-pLHUU,BNF - Banco Nacional de Fomento (Casa Central),"Independencia Nacional, Asunción 001101, Paraguay",(021) 413 9000,+595 21 413 9000,http://www.bnf.gov.py/,3.8,161,"['bank', 'establishment', 'finance', 'point_of_interest']",banco,,60,A
ChIJmbPXZdOnXZQRUR_vn8QXXwU,Saguier Abente Law Firm,"Fray Luis de León Nº239 esq. Diego de, Velazquez, Asunción 2785, Paraguay",(021) 221 836,+595 21 221 836,http://www.saguierabente.com/,4.8,23,"['establishment', 'point_of_interest']",firma abogados paraguay,,60,A
ChIJ6ZbsIz-oXZQRdik2aUuVI2E,Consultora Virtus Asociados,"Tte, Rene Brugada 2925-B, Asunción 001240, Paraguay",0981 382434,+595 981 382434,https://www.norbertomorinigo.com/servicios,4.8,16,"['establishment', 'point_of_interest']",consultora,,55,A
ChIJtR5ZlT6mXZQRiDdPuD1siRU,Opentech S.A. - Consultores en Innovación,"Tte. 1ro. Roque Cabrera Haedo, Asunción 1403, Paraguay",(021) 328 5542,+595 21 328 5542,https://www.opentech.com.py/?utm_source=google&utm_medium=wix_google_business_profile&utm_campaign=2656665911910231468,4.7,27,"['establishment', 'point_of_interest']",technology,,55,A
ChIJtdMZhqeoXZQROE8CXr7eJ9s,Banco Itaú Paraguay SA,"Asunción 001529, Paraguay",(021) 617 2540,+595 21 617 2540,http://www.itau.com.py/,3.6,52,"['bank', 'establishment', 'finance', 'point_of_interest']",banco,,55,A
ChIJV3edKaKoXZQR7LcL_3PpWjc,Banco Familiar,"Av. Gral. José de San Martín ESQ, Asunción 001409, Paraguay",0800 113322,+595 800 113322,https://www.familiar.com.py/,3.4,79,"['bank', 'establishment', 'finance', 'point_of_interest']",banco,,55,A
ChIJFQapeJyoXZQRyhkjbi1PC_M,Banco Continental S.A.E.C.A.,"Gral Eugenio Alejandrino Garay & Av. Mariscal López, PC58+6CQ, Asunción 001411, Paraguay",(021) 627 4000,+595 21 627 4000,,3.6,117,"['bank', 'establishment', 'finance', 'point_of_interest']",banco,,55,A
ChIJF2N0-3ioXZQRPPNlY8wIhgQ,AG & Asociados - Abogados,"580, Asunción 001208, Paraguay",(021) 210 884,+595 21 210 884,http://www.agabogados.com.py/,4.9,10,"['establishment', 'point_of_interest']",abogado,,55,A
ChIJJ4nTMOmpXZQRojp6nsuPXH4,Innova Technology Paraguay,"Av. República Argentina 433, Asunción 1855, Paraguay",0981 682448,+595 981 682448,https://www.innovatechnology.com.py/,5.0,10,"['establishment', 'point_of_interest']",technology,,55,A
ChIJR7cp8_CnXZQR1FcXuiIfoFE,Estudio Jurídico Riera Abogados,"Iturbe 869, Asunción 001101, Paraguay",(021) 444 789,+595 21 444 789,https://www.estudioriera.com.py/,4.6,46,"['establishment', 'point_of_interest']",abogado,,55,A
ChIJ30My6I-pXZQRB2T__LD0-kY,Lega Consultora,"Av. Mariscal López y, Asunción 001408, Paraguay",0985 891122,+595 985 891122,https://sites.google.com/view/legaconsultora/home,5.0,6,"['establishment', 'point_of_interest']",consultora,,55,A
ChIJGX75BECnXZQRy5OVyS-MlEk,MERSAN Inmobiliaria,"Tte, Rodolfo Zotti 969 c, Asunción 001413, Paraguay",0974 610166,+595 974 610166,http://www.mersan.com.py/,4.7,36,"['establishment', 'point_of_interest', 'real_estate_agency']",inmobiliaria,,55,A
ChIJQ9WS7munXZQR_PkudVuFuYk,Home Hunters Py - Inmobiliaria,"San Martin 1552 e, San Juan XXlll y, Asunción 001528, Paraguay",0972 997661,+595 972 997661,https://www.homehunters.com.py/,4.8,18,"['establishment', 'point_of_interest', 'real_estate_agency']",inmobiliaria,,55,A
ChIJ1YG8LXKpXZQR0YHuq3wCp9Q,"ASUTECH PY, Informática, Instalación de Cámaras de Seguridad.","Dr. Toribio Pacheco 6448, Asunción 1860, Paraguay",0982 123383,+595 982 123383,http://www.asutech.com.py/,5.0,12,"['electronics_store', 'establishment', 'point_of_interest', 'store']",technology,,55,A
ChIJ7X9VZ1enXZQRAkZWTafLyrU,Concept Consultora,"Florida 1111 - PB, Asunción 1107, Paraguay",0993 567979,+595 993 567979,https://conceptconsultora.com/,5.0,1,"['establishment', 'point_of_interest']",consultora,,50,B
ChIJyb2In7e7GUcRXjs7blA-MDw,Medicina no Paraguai (Consultora Universitaria),"QF76+5VJ, Asunción, Mariano Roque Alonso 001506, Paraguay",0984 539379,+595 984 539379,https://www.instagram.com/medicinaorg/,5.0,1,"['establishment', 'point_of_interest']",consultora,,50,B
ChIJrXqS-AamXZQRNkfD7mwgUSw,San Gerardo Inmobiliaria S.A,"Tte. Juan Ramón Jiménez 830, Asunción 1732, Paraguay",0986 436000,+595 986 436000,http://www.sangerardoinmobiliaria.com/,4.5,14,"['establishment', 'point_of_interest', 'real_estate_agency']",inmobiliaria,,50,B
ChIJwywE2k6mXZQRNUWXttNjl9U,Gesa Consultora,"Av. Gral. José Gervasio Artigas 3316, Asunción 001532, Paraguay",(021) 281 579,+595 21 281 579,,5.0,11,"['establishment', 'point_of_interest']",consultora,,50,B
ChIJbYOj9pGoXZQRXR3jrCJp0jY,Gestión Consultoría Organizacional,"San Roque González de Santacruz No. 1279 entre De Las Palmeras y, Cuartel de la Rivera, Asunción 001414, Paraguay",0983 762110,+595 983 762110,http://www.gestionconsultoria.com.py/,4.8,179,"['establishment', 'point_of_interest']",consultora,,50,B
ChIJDw2w5BipXZQRVMluqsL5zWc,Consultora Arconte,"Cordillera de Aguragüe 1035 Asunción, Asunción 1209, Paraguay",0972 400188,+595 972 400188,,4.8,5,"['establishment', 'point_of_interest']",consultora,,50,B
ChIJee0fmfSnXZQRBSyRZKHMunc,FVV Auditores y Consultores de Capital y Talento Humano.,"22 de Septiembre N° 624 entre, Félix de Azara y, Asunción 001013, Paraguay",(021) 224 070,+595 21 224 070,,4.8,436,"['establishment', 'point_of_interest']",consultora,,50,B
ChIJb8PgGqyoXZQR5OEapQ4y59o,Kemper Dejesus & Pangrazio. Abogados y Consultores,"Denis Roa N° 1553, Asunción 001410, Paraguay",(021) 610 748,+595 21 610 748,http://www.kdpabogados.com.py/,4.8,4,"['establishment', 'point_of_interest']",firma abogados paraguay,,50,B
ChIJYVfyh72nXZQRxrZqrxRhi_w,Estudio Jurídico Rene Monges Abogado,"Mcal. Estigarribia y, Asunción 001101, Paraguay",0981 964623,+595 981 964623,,5.0,8,"['establishment', 'lawyer', 'point_of_interest']",abogado,,50,B
ChIJhUDx15-pXZQRAgTGhuVrDRw,Laura Jara Inmobiliaria,"Eusebio Lillo Robles, Asunción 001001, Paraguay",0981 120423,+595 981 120423,http://www.view.com.py/,4.6,14,"['establishment', 'point_of_interest', 'real_estate_agency']",inmobiliaria,,50,B
ChIJiwEyz9anXZQRbfW9rvvsTmk,Banco Continental,"P96V+MM4, Av. España, Asunción 001208, Paraguay",2061957,+595 206 1957,,3.7,59,"['bank', 'establishment', 'finance', 'point_of_interest']",banco,,50,B
ChIJJYHSQ9qnXZQR-RB8CGOoK6g,Columbia University of Paraguay,"Av. España 1239, Asunción 001209, Paraguay",(021) 219 8000,+595 21 219 8000,https://www.columbia.edu.py/,4.5,305,"['establishment', 'point_of_interest', 'university']",universidad,,50,B
ChIJKdrx3baoXZQREG53MOZUk9I,Clinica VIDAMED,"Moisés Bertoni 2839, Asunción 0000, Paraguay",(021) 670 605,+595 21 670 605,,4.9,14,"['establishment', 'health', 'point_of_interest']",clinica medica,,50,B
ChIJRbxYku2uXZQRxhT07W-hMxo,National University of Asuncion,"Campus Universitario, San Lorenzo 111421, Paraguay",(021) 585 540,+595 21 585 540,https://www.una.py/,4.6,2266,"['establishment', 'point_of_interest', 'university']",universidad,,50,B
ChIJwUvAkBavXZQRs05MQGZgYLc,Inmobiliaria Paraguay Propiedades S.A,"Av. Gral. Manuel Brítez Borges, Luque 110944, Paraguay",0991 444111,+595 991 444111,http://www.ppi.com.py/,5.0,4,"['establishment', 'point_of_interest']",inmobiliaria paraguay,,50,B
ChIJW2RPmPSnXZQRvaUx6CxYNcI,Estudio Juridico Recalde D'Andrea,"piso 15, Av. Aviadores del Chaco 3100, Asunción 1725, Paraguay",(021) 664 179,+595 21 664 179,http://www.recalde-dandrea.com.py/,4.4,25,"['establishment', 'point_of_interest']",estudio juridico paraguay,,50,B
ChIJzXHdY0KmXZQR5V0Ckn1L6NE,Estudio Juridico Schultheiss,"Cnel. Felipe Toledo 131, Asunción 001519, Paraguay",0981 120195,+595 981 120195,,4.8,10,"['establishment', 'point_of_interest']",estudio juridico paraguay,,50,B
ChIJ7QY05fKuXZQRN2Wgb4ZyoYo,Faculty of Engineering National University of Asunción,"San Lorenzo 111421, Paraguay",(021) 729 0010,+595 21 729 0010,https://www.ing.una.py/,4.5,472,"['establishment', 'point_of_interest', 'university']",ingenieria,,50,B
ChIJh4z3whSmXZQREH0L27jI-ro,Faculty of Law and Social Sciences of the National University of Asuncion,"PCPH+RWR, Congreso de Colombia, Asunción 001521, Paraguay",(021) 288 5000,+595 21 288 5000,http://www.der.una.py/,4.6,623,"['establishment', 'point_of_interest']",universidad,,50,B
ChIJiVSOUEKmXZQRxEGU_OS6BCE,Centro Médico Corppolive,"Santisimo Sacramento 3069, Asunción 001519, Paraguay",0971 568547,+595 971 568547,,5.0,259,"['establishment', 'health', 'hospital', 'point_of_interest']",clinica medica,,50,B
ChIJ_dXjOvanXZQRz1D7xtbJxk0,Autonomous University of Asuncion,"Jejuí 667, Asunción 001013, Paraguay",(021) 495 873,+595 21 495 873,http://www.uaa.edu.py/,4.5,558,"['establishment', 'point_of_interest', 'university']",universidad,,50,B
ChIJCwUtKCqpXZQRXuECsoGEhi8,Consultora Talento,"Av. Médicos del Chaco Nº 2700 Esquina, Asunción 001423, Paraguay",0985 843000,+595 985 843000,https://www.talento.com.py/,5.0,4,"['establishment', 'point_of_interest']",consultora recursos humanos paraguay,,50,B
ChIJy9ruKpepXZQRtvFkdEvQLHA,Query Software,"Av. Sta. Teresa 1962, Asunción 001410, Paraguay",0986 128399,+595 986 128399,https://www.query.com.py/,5.0,1,"['establishment', 'point_of_interest']",software,,50,B
ChIJI34qHWyoXZQRkKtola2g7q4,Alpha Software PY,"Av Gral Máximo Santos 1647, Asunción 1237, Paraguay",0994 209224,+595 994 209224,http://www.alphasoft.com.py/,5.0,1,"['establishment', 'point_of_interest']",software house paraguay,,50,B
ChIJoYZqsrapXZQRnqyxk7BO3Fk,Di Talento Consultora,"Colón 469 Casi, Asunción 001012, Paraguay",0981 204893,+595 981 204893,http://www.ditalento-consultora.com.py/,4.3,29,"['establishment', 'point_of_interest']",consultora recursos humanos paraguay,,50,B
ChIJQ9I28ZPNXZQRDrwhNcJngr8,Nexo Digital,"Mcal. López, Atyrá 3040, Paraguay",0991 297083,+595 991 297083,https://nexodigital.com.py/,5.0,140,"['establishment', 'point_of_interest']",agencia marketing paraguay,,50,B
ChIJ_6a6pzqlXZQRJP0OeFTwwxs,Leyton Technology,"Soldado Juan Bautista Pintos 5933, Asunción 001507, Paraguay",(021) 328 8942,+595 21 328 8942,https://www.leyton.com.py/,5.0,1,"['electronics_store', 'establishment', 'point_of_interest', 'store']",technology,,50,B
ChIJEz7AFYEjX5QR0t3sZKFjxtE,Elice Digital,"Gral. Caballero 112, Fernando de la Mora 2300, Paraguay",0981 133051,+595 981 133051,http://www.elicedigital.com/,4.9,110,"['establishment', 'point_of_interest']",marketing digital,,50,B
ChIJzyVGJwCpXZQRhzymWDaXZO0,Posibillian Tech S.A.,"Asunción 001401, Paraguay",,,https://posibillian.tech/,4.9,16,"['establishment', 'point_of_interest']",software,,50,B
ChIJI0xZXh-vXZQRsIpmncUspAI,DLS Technology S.A.,"Adrian Matheu Aguilar Nro: 187 casi, Av. Sta. Teresa, Asunción 001402, Paraguay",(021) 683 820,+595 21 683 820,https://www.dlstechnology.com.py/,4.5,2,"['establishment', 'point_of_interest']",technology,,45,B
ChIJ_6zSgNynXZQRdbUBucCedbo,Manpower,"Av. España 2044 casi, Asunción 001207, Paraguay",(021) 248 2000,+595 21 248 2000,http://www.manpower.com.py/,4.2,364,"['establishment', 'point_of_interest']",consultora recursos humanos paraguay,,45,B
ChIJvbC7FCCmXZQRcu95cMoXm-E,DG Consultora,"Prof. Rómulo Feliciángeli 402, Asunción 001529, Paraguay",0985 105574,+595 985 105574,,5.0,1,"['accounting', 'establishment', 'finance', 'point_of_interest']",consultora,,45,B
ChIJtev7LKSnXZQRfprG4BolpXs,Sur Inmobiliaria S.R.L,"Mcal Lopez 184 entre Brasil Y, Constitucion 184, Asunción 001218, Paraguay",0994 114005,+595 994 114005,,4.2,32,"['establishment', 'point_of_interest', 'real_estate_agency']",inmobiliaria,,45,B
ChIJozgSRcWnXZQRSWCO7_meDhI,Roshka,"Automotor S.A. - Isuzu, Av. Gral. José Gervasio Artigas 2025, Asunción 001202, Paraguay",0981 184264,+595 981 184264,https://www.roshka.com/,4.8,78,"['establishment', 'point_of_interest']",software,,45,B
ChIJAwmifNCnXZQRwkp71o6at00,Documenta S.A.,"Av. República Argentina 893, c, Asunción 001415, Paraguay",0976 341020,+595 976 341020,http://www.documenta.com.py/,4.4,257,"['establishment', 'point_of_interest']",software,,45,B
ChIJF6EO1ESnXZQRvAIWR1TEQp8,Inmobiliaria General S.A. - Matriz,"Ayolas &, P995+9QV, Gral. Díaz, Asunción 001012, Paraguay",(021) 497 894,+595 21 497 894,http://www.igsa.com.py/,4.4,19,"['establishment', 'point_of_interest', 'real_estate_agency']",inmobiliaria,,45,B
ChIJL5_7uuenXZQRKFBttWrcq6w,Capital Humano,"Av. Mariscal López 1712 casi, Asunción 001228, Paraguay",(021) 210 818,+595 21 210 818,http://www.capitalhumano.com.py/,4.5,147,"['establishment', 'point_of_interest']",consultora recursos humanos paraguay,,45,B
ChIJN-K-ZxOnXZQROZAuZsRvfsI,CA Consultora,"Tte 1075, Asunción 001535, Paraguay",0983 229958,+595 983 229958,,5.0,3,"['establishment', 'point_of_interest']",consultora,,45,B
ChIJveZkW8OnXZQR6k52S_hsGXw,"FCA Law Firm - Fiorio, Cardozo & Alvarado Law Firm","Av. Perú 708, Asunción 001210, Paraguay",(021) 205 052,+595 21 205 052,http://www.fca.com.py/,4.4,15,"['establishment', 'lawyer', 'point_of_interest']",abogado,,45,B
ChIJA2f3CbaoXZQRLzGlUzdUNgs,REMAX Paraguay,"Av. Mariscal López N°5451, Asunción 001406, Paraguay",(021) 728 9140,+595 21 728 9140,https://www.remax.com.py/,4.5,108,"['establishment', 'point_of_interest', 'real_estate_agency']",inmobiliaria,,45,B
ChIJPyZ4l8uoXZQRCWq2FZl0v2s,2D INMOBILIARIA,"Av. Mariscal López 4433 c/, Belgica, Asunción 001408, Paraguay",0981 999251,+595 981 999251,http://www.2dinmobiliaria.com.py/,3.7,40,"['establishment', 'point_of_interest', 'real_estate_agency']",inmobiliaria,,45,B
ChIJE3WnPyKnXZQRy98VyR-q6gk,Eskalar Consultora Paraguay,"Bogotá 3165, Asunción 001519, Paraguay",0972 157822,+595 972 157822,,5.0,1,"['establishment', 'point_of_interest']",consultora,,45,B
ChIJJ9GCH6qnXZQRyZfHB-h8zPc,Tuma Legal Group,"Iturbe 675, Asunción 001101, Paraguay",(021) 441 176,+595 21 441 176,http://www.estudiotuma.com.py/,4.8,97,"['establishment', 'point_of_interest']",abogado,,45,B
ChIJn22VoO-nXZQRFrzM7vBHE1Q,Columbia University of Paraguay,"25 de Mayo, Asunción 001101, Paraguay",(021) 490 811,+595 21 490 811,https://www.columbia.edu.py/,4.5,177,"['establishment', 'point_of_interest', 'university']",universidad,,45,B
ChIJ17BozUCmXZQR6vcKjEKWmAc,Tecnoedil S.A. Constructora,"Santisimo Sacramento N° 2265, Asunción 001532, Paraguay",(021) 291 947,+595 21 291 947,http://www.tecnoedil.com.py/,4.7,136,"['establishment', 'point_of_interest']",constructora,,45,B
ChIJfcr22janXZQR7dXcypyG5dI,Estudio Jurídico BG ABOGADOS,"Cabo Primero Feliciano Marecos 422, Asunción 001529, Paraguay",,,https://bgabogados.com.py/,5.0,2,"['establishment', 'point_of_interest']",estudio juridico paraguay,,45,B
ChIJ3Uz8WJaoXZQRP1HCySEiOH8,Centro Médico Bautista,"Avda. República Argentina y, Campos Cervera 635, Asunción 001416, Paraguay",(021) 688 9000,+595 21 688 9000,http://www.cmb.org.py/,4.1,365,"['establishment', 'health', 'hospital', 'point_of_interest']",clinica medica,,45,B
ChIJw17NOcinXZQR5klfEWcqDfk,La Costa,"Av. Gral. José Gervasio Artigas 1500, Asunción 001202, Paraguay",(021) 217 1000,+595 21 217 1000,http://www.lacosta.com.py/,4.0,621,"['establishment', 'health', 'hospital', 'point_of_interest']",clinica medica,,45,B
ChIJIfhsny6mXZQRgK5XwJ3qQYA,UCSA - Campus Universitario,"Centro Educativo San Agustín, Sgto. José León Gauto, Asunción 001535, Paraguay",(021) 221 106,+595 21 221 106,http://www.ucsa.edu.py/,4.3,270,"['establishment', 'point_of_interest', 'university']",universidad,,45,B
ChIJO3BKAqGoXZQR-oxtWczz5EU,Pacific Private University,"O'Higgins esquina, Asunción 1111, Paraguay",(021) 615 490,+595 21 615 490,,4.5,400,"['establishment', 'point_of_interest', 'university']",universidad,,45,B
ChIJRQEqxRymXZQRMHuHB1oPjNo,Gomez Abente Construcciones,"Prof. Emiliano Gómez Rios 1255, Asunción 001527, Paraguay",(021) 604 960,+595 21 604 960,http://www.gomezabente.com.py/,4.7,133,"['establishment', 'general_contractor', 'point_of_interest']",constructora,,45,B
ChIJBbDavq6yXZQRPplRZy3Lzgk,Great Asunción University Central Headquarters,"D027, Kapi'atã 110235, Paraguay",0984 137917,+595 984 137917,http://www.unigran.edu.py/,4.7,115,"['establishment', 'point_of_interest', 'university']",universidad,,45,B
ChIJu2eeffKoXZQRyo5rgJgXsE8,Guarani Hispanic University,"Av. República Argentina casi, Asunción 3379, Paraguay",(021) 615 951,+595 21 615 951,http://uhg.edu.py/,4.8,77,"['establishment', 'point_of_interest', 'university']",universidad,,45,B
ChIJlwPnjsOnXZQREqlCkWyptUo,Datasystems S.A.E.C.A.,"Perú 1055 casi, Asunción 001217, Paraguay",(021) 213 347,+595 21 213 347,https://www.data.com.py/,4.5,193,"['establishment', 'point_of_interest']",software,,45,B
ChIJtcg4rR2mXZQRGNnOXGAQdXU,TEISA,"Edificio comercial, Cecilio da Silva Lovera 1001, Asunción 001527, Paraguay",(021) 616 4000,+595 21 616 4000,http://www.teisa.com.py/,4.5,109,"['establishment', 'point_of_interest']",empresa tecnologia paraguay,,45,B
ChIJbRFE-gOpXZQRDTWVZH_KnFA,Ruíz Díaz Enciso-Oficina de Abogados,"Asunción 001414, Paraguay",,,http://ronaldruizdiaz.wixsite.com/rdruizdiazenciso,5.0,1,"['establishment', 'point_of_interest']",firma abogados paraguay,,45,B
ChIJJVVPuIWpXZQRmRzjTaAuokk,Creative Hub,"Edificio Sky Park, San Juan XXIII, Asunción 001527, Paraguay",0981 746445,+595 981 746445,https://www.creativehub.com.py/,5.0,56,"['establishment', 'point_of_interest']",marketing digital,,45,B
ChIJJxN7zzCvXZQRX8BU1HeBVMY,Designerlo - Marketing Digital,"Tte. Centeno, Fernando de la Mora 2300, Paraguay",0992 909464,+595 992 909464,https://designerlo.com/,4.7,130,"['establishment', 'point_of_interest']",marketing digital,,45,B
ChIJzSnhxmipXZQRkg4jQUdEQNQ,Iotech Innovación & Tecnología,"Moisés Bertoni 776 c, Asunción 001411, Paraguay",0972 300874,+595 972 300874,,5.0,1,"['establishment', 'point_of_interest']",empresa tecnologia paraguay,,45,B
ChIJs0mE6jOmXZQRoBvwE5uPlhw,University of the Integration of the Americas,"Av. Venezuela 1353 casi, Asunción 001206, Paraguay",(021) 288 9000,+595 21 288 9000,http://www.unida.edu.py/,4.3,405,"['establishment', 'point_of_interest', 'university']",universidad,,45,B
ChIJCdTj3WylXZQRwQR63-pKr3o,marruecos paraguay abogados,"RutaTranschaco km 15, 5, Mariano Roque Alonso 111019, Paraguay",0994 850196,+595 994 850196,,4.4,5,"['establishment', 'lawyer', 'point_of_interest']",firma abogados paraguay,,40,B
ChIJ-VJSih-mXZQRAEuX8CrqzbY,Cast S.A.,"Avenida Aviadores del Chaco Aviadores del Chaco 2806 y Cañada del Carmen Edificio Plaza Center Molas Lopez, Asunción 001401, Paraguay",(021) 238 1100,+595 21 238 1100,https://www.cast.com.py/,4.7,63,"['establishment', 'point_of_interest']",software,,40,B
ChIJFVC_tIKoXZQR3W18Md3f62k,KONECTA S.A,"planta baja, Edificio Don Carlos, Av. Sacramento 476 casi, Asunción 1805, Paraguay",(021) 611 191,+595 21 611 191,https://www.konecta.com.py/,4.6,72,"['establishment', 'point_of_interest']",software,,40,B
ChIJ-wsb9zumXZQR-9Wm5-J2QJM,Instituto de Previsión Social,"Santisimo Sacramento, Asunción 001531, Paraguay",(021) 290 136,+595 21 290 136,http://www.ips.gov.py/,3.2,639,"['establishment', 'health', 'hospital', 'point_of_interest']",banco,,40,B
ChIJ6x-D3ESmXZQR0wxjVkdF3wM,Banco FAMILIAR trinidad,"PCV8+GFR, Av. Gral. José Gervasio Artigas, Asunción 001518, Paraguay",0991 502682,+595 991 502682,,3.3,32,"['bank', 'establishment', 'finance', 'point_of_interest']",banco,,40,B
ChIJmUl2d8-nXZQRMh8SA8BPEDM,AGB Constructora S.A.,"Quesada, Asunción 001412, Paraguay",(021) 201 791,+595 21 201 791,,4.9,57,"['establishment', 'point_of_interest']",constructora,,40,B
ChIJ-1dWuMmnXZQR2_RhUTmNkFQ,Jimenez Gaona y Lima S.A.,"Av. Gral. José Gervasio Artigas N° 3443, Asunción 001517, Paraguay",(021) 210 686,+595 21 210 686,http://www.jgl.com.py/,4.6,82,"['establishment', 'general_contractor', 'point_of_interest']",constructora,,40,B
ChIJ3Usq9uapXZQR_CTZMOXoFPo,ueno bank - Centro de experiencia Asunción,"Av. Sta. Teresa N° 1827, Asunción 001410, Paraguay",(021) 618 8000,+595 21 618 8000,https://www.ueno.com.py/,2.3,697,"['bank', 'establishment', 'finance', 'point_of_interest']",banco,,40,B
ChIJJe2YsJmoXZQRovFLMXK2DKg,Interfisa Banco,"Av. Mariscal López 3750, Asunción 001412, Paraguay",(021) 600 352,+595 21 600 352,,2.7,26,"['bank', 'establishment', 'finance', 'point_of_interest']",banco,,40,B
ChIJU1nJGK2oXZQRXU5WJ897YX4,Sede Social de Jubilados Bancarios,"PC6W+XGH, Av. Sta. Teresa, Asunción 001402, Paraguay",(021) 439 7501,+595 21 439 7501,,4.4,1289,"['establishment', 'point_of_interest']",banco privado paraguay,,40,B
ChIJLWibeeenXZQRFFrBjEX5yGE,Sanatorio Migone,"Eligio Ayala 1293, Asunción 1541, Paraguay",(021) 218 2000,+595 21 218 2000,http://www.sanatoriomigone.com.py/,3.7,318,"['establishment', 'health', 'hospital', 'point_of_interest']",clinica privada paraguay,,40,B
ChIJtQlZKuSnXZQRaB7IHxcH6jA,Private Children's Institute,"P96F+764, Azara, Asunción 001220, Paraguay",(021) 211 203,+595 21 211 203,https://www.facebook.com/IPNInstitutoPrivado/,4.3,112,"['establishment', 'health', 'hospital', 'point_of_interest']",clinica privada paraguay,,40,B
ChIJKR0BtvynXZQRmD1pDL45Xjs,Sanatorio Británico,"Parapití 1155, Asunción 1001, Paraguay",(021) 379 8000,+595 21 379 8000,https://www.britanico.com.py/,3.3,411,"['establishment', 'health', 'hospital', 'point_of_interest']",clinica privada paraguay,,40,B
ChIJYdrhTJqoXZQRewTxir98vXs,Peroni Sosa Tellechea Burt & Narvaja,"Dr. Juan Eulogio Estigarribia 4846 esq, Asunción 1892, Paraguay",(021) 319 9000,+595 21 319 9000,http://www.pstbn.com.py/,4.7,57,"['establishment', 'lawyer', 'point_of_interest']",abogado,,40,B
ChIJEQL5UzWnXZQRti7Nv03h1YE,Consultora PRO CAMPO,"PCHM+VX3, Ing. Prof. Nicolás Krisvoschein, Asunción 001520, Paraguay",,,,5.0,3,"['establishment', 'point_of_interest']",consultora,,40,B
ChIJW3sKdwCpXZQRuu-0LlnTt0Y,Consultora S.O.,"PC7J+FRW, Pablo Alborno, Asunción 001410, Paraguay",,,,5.0,1,"['establishment', 'point_of_interest']",consultora,,40,B
ChIJU8dbMpunXZQRo_qfMXUKYZM,Avatar Technology,"Av. Gral. José Gervasio Artigas 2080 c, Asunción 0000, Paraguay",0992 976280,+595 992 976280,https://www.facebook.com/profile.php?id=61552175622828&mibextid=ZbWKwL,3.7,6,"['electronics_store', 'establishment', 'point_of_interest', 'store']",technology,,40,B
ChIJfxs20qCoXZQR3OGHP9hn5ZQ,Direct Technologies,"Pitiantuta 173, Asunción 001208, Paraguay",(021) 232 848,+595 21 232 848,,4.3,15,"['establishment', 'point_of_interest']",technology,,40,B
ChIJdbayTWymXZQReHlUNLyXeYk,SIT - Seguridad Inteligencia y Tecnología,"Av Primer Presidente 2126 casi Itaupua, Av. Primer Presidente 2128, Asunción 001521, Paraguay",(021) 298 600,+595 21 298 600,,4.2,571,"['establishment', 'point_of_interest']",technology,,40,B
ChIJGSCtz5yoXZQRVoMgDegGLos,University Sustainable Development - UDS,"Av. Mariscal López 2929 esq, Asunción 1805, Paraguay",(021) 600 973,+595 21 600 973,http://www.uds.edu.py/,4.7,67,"['establishment', 'point_of_interest', 'university']",universidad privada paraguay,,40,B
ChIJQe-zK6KoXZQRXvh2NYq2LrA,"Jobs ""Experts in Human Resources""","Sucre 1617 Avenida General José de San Martín, Asunción 001408, Paraguay",,,http://www.jobs.com.py/,4.4,367,"['establishment', 'point_of_interest']",consultora recursos humanos paraguay,,40,B
ChIJRW0xLOCnXZQRNaGDesx2a14,Sanatorio Adventista de Asunción,"Silvio Pettirossi 380 c, Asunción 001221, Paraguay",(021) 219 6000,+595 21 219 6000,http://www.sanatorioadventista.com.py/,3.9,249,"['establishment', 'health', 'hospital', 'point_of_interest']",clinica privada paraguay,,40,B
ChIJo7XdTdGnXZQR6c1g9s0MF28,Livieres Guggiari,"Pitiantuta 640, Asunción 001208, Paraguay",(021) 221 478,+595 21 221 478,http://www.livieresg.com.py/,4.6,56,"['establishment', 'lawyer', 'point_of_interest']",abogado,,40,B
ChIJKQTE8s2lXZQRi-KDFE7XOjw,EVOLUTECH,"595, Asunción 001507, Paraguay",0971 886644,+595 971 886644,,3.8,35,"['electronics_store', 'establishment', 'point_of_interest', 'store']",technology,,40,B
ChIJK-68gbeuXZQRfpim3dnb_vc,German Paraguayan University,"Lopez de Vega, San Lorenzo 111439, Paraguay",(021) 524 214,+595 21 524 214,http://www.upa.edu.py/,4.7,79,"['establishment', 'point_of_interest', 'university']",universidad privada paraguay,,40,B
ChIJJfHGNiGmXZQRniIeX7BzVs8,Prana,"José A. Moreno González 1250, Asunción 001528, Paraguay",(021) 660 538,+595 21 660 538,https://www.prana.com.py/,4.6,58,"['establishment', 'point_of_interest']",marketing digital,,40,B
ChIJ1ZTWZ62oXZQRnDDH8zIF0u8,ueno bank MATRIX,"Av. Sta. Teresa, Asunción 001410, Paraguay",(021) 618 8000,+595 21 618 8000,https://www.ueno.com.py/,4.3,192,"['bank', 'establishment', 'finance', 'point_of_interest']",banco,,40,B
ChIJwy2kO6eoXZQRrPsPKpiE9j0,Banco Continental Aviadores,"Av. Aviadores del Chaco, Asunción 001529, Paraguay",(021) 608 416,+595 21 608 416,,2.9,24,"['bank', 'establishment', 'finance', 'point_of_interest']",banco,,40,B
ChIJ4e35ghimXZQRrAhX3yv9q3k,Central Bank of Paraguay,"Federación Rusa y, Asunción 1767, Paraguay",(021) 608 011,+595 21 608 011,http://www.bcp.gov.py/,4.4,177,"['bank', 'establishment', 'finance', 'point_of_interest']",banco,,40,B
ChIJ7cjCHTKmXZQRTVLoUvnFqmI,Institute of Tropical Medicine,"PCC4+RPC, Asunción 001535, Paraguay",(021) 292 463,+595 21 292 463,http://www.mspbs.gov.py/imt,4.4,175,"['establishment', 'health', 'hospital', 'point_of_interest']",clinica medica,,40,B
ChIJDWcWmXioXZQR_ryU1NAyrX4,TECINCI,"Av. Mariscal López 4877, Asunción 001407, Paraguay",0981 590000,+595 981 590000,http://www.tecinci.com.py/,4.7,70,"['establishment', 'general_contractor', 'point_of_interest']",constructora,,40,B
ChIJkUrP9RGmXZQRSQr85-GFe1A,MAFADO S.A.,"Auditores de la Guerra del Chaco 169, Asunción 001521, Paraguay",(021) 284 050,+595 21 284 050,http://mafado.com.py/,4.6,57,"['establishment', 'general_contractor', 'point_of_interest']",constructora,,40,B
ChIJATz4p-CnXZQRcoM8cYc0UzI,UNASUR,"Cerro Corá 1483, Asunción 001220, Paraguay",(021) 232 750,+595 21 232 750,,4.3,259,"['establishment', 'point_of_interest', 'university']",universidad,,40,B
ChIJYyD9-XCpXZQRWC9MMsJhqbg,La Costa Lynch,"MCRW+59W, Victor Heyn, Asunción 001418, Paraguay",(021) 658 3000,+595 21 658 3000,http://www.lacostalynch.com.py/,3.5,240,"['establishment', 'health', 'hospital', 'point_of_interest']",clinica medica,,40,B
ChIJE4hlTsyvXZQRJjXKW0JrPhM,Sanatorio Internacional,"PGJ5+F6V, 14 De Mayo, Luque 110930, Paraguay",(021) 729 1444,+595 21 729 1444,http://www.sanatoriointernacional.com.py/,3.3,152,"['establishment', 'health', 'hospital', 'point_of_interest']",clinica privada paraguay,,35,C
ChIJLeYpXP6pXZQREypTKv28Cwg,Cibis Consultores - Consultora Pallotti Py,"Rio Pilcomayo 1.780 casi, Asunción 001521, Paraguay",0971 280100,+595 971 280100,http://www.cibisconsultores.com/,0.0,0,"['establishment', 'point_of_interest']",consultora,,35,C
ChIJG9X8XjKmXZQR9ume-nkliUA,ITCS S.A.,"Sgto. José León Gauto 289, Asunción 001206, Paraguay",(021) 728 8222,+595 21 728 8222,https://www.itcs.com.py/,4.8,42,"['establishment', 'point_of_interest']",technology,,35,C
ChIJnbYr7TanXZQRc2bfK18_r4k,Talentum - Consultora de RRHH,"San Francisco 753 casi Siria Asuncion, Asunción 1429, Paraguay",0983 259081,+595 983 259081,,4.0,1,"['establishment', 'point_of_interest']",consultora recursos humanos paraguay,,35,C
ChIJMzT8I2CoXZQRPxNV9oOcaAk,Potencial Humano S.A.,"Gral. Torreani Viera 343, Asunción 001412, Paraguay",0976 399600,+595 976 399600,https://www.potencialhumano.com.py/,4.8,32,"['establishment', 'point_of_interest']",consultora recursos humanos paraguay,,35,C
ChIJSxvj_yqmXZQRPvNdlQ6LcBU,Infocenter SAE - Gold Partner de SAP en Paraguay,"Av. España 2287, Asunción 001207, Paraguay",(021) 226 016,+595 21 226 016,http://www.infocenter.com.py/,4.4,57,"['establishment', 'point_of_interest']",software,,35,C
ChIJf7hoqsynXZQRdLg4bB_XkIY,Sanatorio Santa Julia,"Av. Brasilia 1182, Asunción 001206, Paraguay",(021) 236 5000,+595 21 236 5000,http://www.santajulia.com.py/,3.5,183,"['establishment', 'health', 'hospital', 'point_of_interest']",clinica privada paraguay,,35,C
ChIJWzLlZ5ipXZQROpgXNFRtxOM,Paixao & Asociados.,"Rafael Barret 5691, Asunción 001420, Paraguay",0981 998336,+595 981 998336,https://paixao-asociados.com/,5.0,24,"['establishment', 'lawyer', 'point_of_interest']",abogado,,35,C
ChIJqw-AQQenXZQR-8lTgeomDJA,Re/MaxCONTIGO,"PCFR+HFJ, Prócer Juan Manuel Iturbe 392, Asunción 001526, Paraguay",0983 282444,+595 983 282444,http://www.contigo.com.py/,4.9,35,"['establishment', 'point_of_interest', 'real_estate_agency']",inmobiliaria,,35,C
ChIJGfSfmNunXZQRmM2s7V_8R1Q,Sanatorio Americano,"Av. España 935 c, Asunción 001209, Paraguay",(021) 200 226,+595 21 200 226,http://www.doctosalud.com.py/,4.4,58,"['establishment', 'health', 'hospital', 'point_of_interest']",clinica privada paraguay,,35,C
ChIJ____2iqmXZQRZwNiyOAMnuY,Sanatorio Italiano,"Av. España, Asunción 001207, Paraguay",(021) 214 260,+595 21 214 260,https://facebook.com/pages/Sanatorio-Italiano/121722121241869,3.7,145,"['establishment', 'health', 'hospital', 'point_of_interest']",clinica privada paraguay,,35,C
ChIJp5gsjN2nXZQRJVmeyJiQK2s,Sanatorio San Roque,"Eligio Ayala 1383, Asunción 001218, Paraguay",(021) 248 9000,+595 21 248 9000,http://www.sanroque.com.py/,3.6,122,"['establishment', 'health', 'hospital', 'point_of_interest']",clinica privada paraguay,,35,C
ChIJw5-KheGnXZQRbGv36lgfLsA,Sanatorio AMSA,"Tte. Fariña &, Capitán Figari, Asunción 1221, Paraguay",(021) 235 2000,+595 21 235 2000,http://www.amsa.com.py/,3.2,199,"['establishment', 'health', 'hospital', 'point_of_interest']",clinica privada paraguay,,35,C
ChIJuzwhE6ioXZQRqfeETt6TVe0,Asociación de Bancos del Paraguay,"Olegario Víctor Andrade, &, Asunción 001411, Paraguay",0974 222333,+595 974 222333,http://www.asoban.org.py/,0.0,0,"['establishment', 'point_of_interest']",banco privado paraguay,,35,C
ChIJcSByWoSpXZQRNQlke08dGIs,Altea Desarrollos S.A,"Facundo Machain 5952, Asunción 001415, Paraguay",0994 565690,+595 994 565690,https://alteadesarrollos.com.py/,4.8,31,"['establishment', 'general_contractor', 'point_of_interest']",constructora,,35,C
ChIJfUg8A8KoXZQRPqwWNwg1hkQ,DC Engineering S.A.,"J. B. Rivarola Matto 6067, Asunción 001420, Paraguay",(021) 608 729,+595 21 608 729,http://www.dcingenieria.com.py/,4.2,86,"['establishment', 'point_of_interest']",ingenieria,,35,C
ChIJiX_yIbCoXZQRh_80iWhiq1A,Hospital Universitario Ntra. Ms. Asuncion,"Eusebio Lilio, Asunción 001409, Paraguay",(021) 729 0042,+595 21 729 0042,http://hospitaluniversitario.edu.py/,3.4,111,"['establishment', 'health', 'hospital', 'point_of_interest']",clinica medica,,35,C
ChIJbzHLRLyoXZQRmSi4qpnzu1k,Villa Morra Migone clinic,"Ulrico Schmidel esq, Asunción 001416, Paraguay",(021) 218 2000,+595 21 218 2000,https://smm.com.py/,3.7,187,"['establishment', 'health', 'hospital', 'point_of_interest']",clinica medica,,35,C
ChIJJRU9BpuoXZQRyIFQYn7C76k,Estudio Jurídico LEGALS,"Dr. Juan Eulogio Estigarribia 4670, Asunción 001412, Paraguay",(021) 615 2356,+595 21 615 2356,http://www.legals.com.py/,4.8,23,"['establishment', 'point_of_interest']",estudio juridico paraguay,,35,C
ChIJbwFdi7WnXZQRcUaepAGY7FA,CENTURY SYSTEMS S.A.,"Av. Venezuela 1543, Asunción 001206, Paraguay",0985 450867,+595 985 450867,https://www.century.com.py/,4.2,86,"['establishment', 'point_of_interest']",software,,35,C
ChIJ3Q_oPoyoXZQRpYQyuSd9PGQ,Dirección General de Talento Humano - Dirección de Gestión del Personal.,"MCV5+RG6, Asunción 001421, Paraguay",(021) 615 416,+595 21 615 416,,4.6,85,"['establishment', 'point_of_interest']",consultora recursos humanos paraguay,,35,C
ChIJta8Q-himXZQRzevdqtj2Kk4,Garabato Creative Agency,"Cdad. de Corrientes 939, Asunción 001528, Paraguay",(021) 608 191,+595 21 608 191,,4.6,56,"['establishment', 'point_of_interest']",agencia marketing paraguay,,35,C
ChIJn2mNR5ioXZQR5I16VhkasKw,GNB Bank,"PC48+W9X, Av. Mariscal López, Asunción 001412, Paraguay",(061) 83000,+595 61 83000,https://www.bancognb.com.py/,3.8,156,"['bank', 'establishment', 'finance', 'point_of_interest']",banco,,35,C
ChIJa28Ww9yoXZQRjgkogHXyDSE,ueno bank x Multiplaza,"Av. Eusebio Ayala 4501, Asunción 001419, Paraguay",(021) 618 8000,+595 21 618 8000,https://www.ueno.com.py/,3.9,119,"['bank', 'establishment', 'finance', 'point_of_interest']",banco,,35,C
ChIJmXc2cEWmXZQRNXog5XF33mM,Banco Continental,"PCR7+VCH, Asunción 001517, Paraguay",,,,3.5,24,"['bank', 'establishment', 'finance', 'point_of_interest']",banco,,35,C
ChIJL9-py0CmXZQRoAT2E3maAW4,TECMONT SA,"Asunción 001531, Paraguay",(021) 285 014,+595 21 285 014,http://www.tecmontsa.com/,4.3,50,"['establishment', 'general_contractor', 'point_of_interest']",ingenieria,,35,C
ChIJG4eovseoXZQRpByR2gM6y-4,CIA S.A.,"Waldino Ramón Lovera 540, Asunción 001416, Paraguay",(021) 602 926,+595 21 602 926,http://www.cia.com.py/,4.4,54,"['establishment', 'point_of_interest']",ingenieria,,35,C
ChIJD2IcusmnXZQRw50x4RG6JE8,DATALAB | Soluciones Tecnológicas Corporativas,"Av. Gral. José Gervasio Artigas 2180, Asunción 001203, Paraguay",(021) 209 126,+595 21 209 126,,4.2,105,"['establishment', 'point_of_interest']",software,,35,C
ChIJOWyS5SmmXZQRmqOyvnstC74,La Fábrica de las Palabras Escuela de Transformación Digital,"Santa Rosa 347, Av. España casi, Asunción 1412, Paraguay",0972 183404,+595 972 183404,http://www.lafabricadelaspalabras.com/,5.0,23,"['establishment', 'point_of_interest']",marketing digital,,35,C
ChIJxS_kOf-vXZQR2Z_4wokI9m4,Propio - Facilitadores de Viviendas,"001520 casi yasy, Av. Dr. Felipe Molas López, Asunción 001520, Paraguay",,,,4.4,244,"['establishment', 'point_of_interest', 'real_estate_agency']",inmobiliaria paraguay,,35,C
ChIJn6q9F8OoXZQRydsgN5jRb_E,Constructora Chaves Hausman S.A,"R.I.18 Pitiantuta 1476 CASI, Asunción 1876, Paraguay",(021) 514 322,+595 21 514 322,http://www.cchsa.com.py/,4.3,51,"['establishment', 'general_contractor', 'point_of_interest']",constructora,,35,C
ChIJswbhnFGvXZQRPQfLA598PFc,Century 21 FOCUS Paraguay,"Sinforiano Buzó Gómez 223 Casi, Asunción 001403, Paraguay",0981 165252,+595 981 165252,https://century21.com.py/inmobiliaria/50-century-21-focus-ytay-asuncion-paraguay,4.9,35,"['establishment', 'point_of_interest']",inmobiliaria paraguay,,35,C
ChIJ_au_HSOpXZQRDGA3vnRaXvE,Escalada Estudio Jurídico,"Av. Aviadores del Chaco, Asunción 001527, Paraguay",0982 349780,+595 982 349780,https://escalada.com.py/,5.0,5,"['accounting', 'establishment', 'finance', 'lawyer', 'point_of_interest']",abogado,,30,C
ChIJ29PC3YWuXZQRrxl4xGRi2ZQ,"Sanatorio Santo Domingo, SAN LORENZO","Sanatorio Santo Domingo, PY02 1190, San Lorenzo 111422, Paraguay",(021) 574 686,+595 21 574 686,https://www.facebook.com/1445486469047555/posts/pfbid0q7kK38rna8ioB4nWzZUukcSqu3WDfmNtGc77SiSPEkQwJuLNX77PBkTitGXQLP35l/,3.3,94,"['establishment', 'health', 'hospital', 'point_of_interest', 'store']",clinica privada paraguay,,30,C
ChIJBWGcBa-oXZQRHrL7FgsgAxI,Stark Tecnologia S.A.,"Bruselas 2480, Asunción 001410, Paraguay",(021) 664 701,+595 21 664 701,http://www.stark.com.py/,4.8,13,"['establishment', 'point_of_interest', 'store']",technology,,30,C
ChIJy4o72mGoXZQRibHo7NqF-_E,Sanatorio San Lucas,"Av. Eusebio Ayala, Asunción 001231, Paraguay",(021) 729 1600,+595 21 729 1600,http://www.sanlucas.com.py/,3.7,96,"['establishment', 'health', 'hospital', 'point_of_interest']",clinica privada paraguay,,30,C
ChIJCzb1pGWnXZQRmqF7SrpskYk,"Oviedo Quintana, Abogado","Florencio López 6057 c, Asunción 001511, Paraguay",0981 213066,+595 981 213066,,0.0,0,"['establishment', 'lawyer', 'point_of_interest']",abogado,,30,C
ChIJQ6alNLyoXZQRMwVYO5bsU70,REDi,"piso 9, Edificio Trading Park, Edificio Traiding Park, Av. Aviadores del Chaco 3207, Asunción 001524, Paraguay",0994 451263,+595 994 451263,http://www.redi.com.py/,4.5,45,"['establishment', 'point_of_interest']",consultora recursos humanos paraguay,,30,C
ChIJG__cB--nXZQRU3AM4ofGFrM,T3X,"Av. Gral. José Gervasio Artigas, Asunción 001515, Paraguay",0972 382264,+595 972 382264,https://t3x.com.py/,4.7,49,"['electronics_store', 'establishment', 'point_of_interest', 'store']",technology,,30,C
ChIJnYd4LP6lXZQRvuGufCEkOUc,SOFTEC,"Arquitecto Miguel Angel Alfaro 499 esquina, Asunción 001521, Paraguay",0974 504400,+595 974 504400,http://www.softec.com.py/,4.6,25,"['establishment', 'point_of_interest']",software,,30,C
ChIJAwK6IMqoXZQR0MFVMFjF-SQ,LA OFFI S.A.,"Profesor Ingeniero, Prof. Dr. Francisco Fernández 610 esquina, Asunción 001520, Paraguay",0984 944657,+595 984 944657,http://www.laoffi.com.py/?utm_source=google&utm_medium=wix_google_business_profile&utm_campaign=2052450647632464947,4.7,35,"['establishment', 'point_of_interest']",consultora recursos humanos paraguay,,30,C
ChIJn8eBv4OpXZQR-gvEbIFJLe4,sat technology,"Lapacho 163, Asunción 0145, Paraguay",0986 138163,+595 986 138163,,0.0,0,"['establishment', 'point_of_interest']",technology,,30,C
ChIJQapp5zenXZQRByXysLn51K8,Dev Lab | By G.Digital,"Rca. Dominicana y, Asunción 001435, Paraguay",0982 547184,+595 982 547184,https://gdigital.com.py/dev,5.0,10,"['establishment', 'point_of_interest']",software,,30,C
ChIJQSCdWMyoXZQREGzjsZjgMdk,ULTRA Real Estate,"Asunción 001417, Paraguay",(021) 328 8696,+595 21 328 8696,http://www.ultrarealestate.com.py/,4.6,29,"['establishment', 'point_of_interest', 'real_estate_agency']",inmobiliaria,,30,C
ChIJYdcKdWqnXZQR0Qy_f7U70Gc,Century 21 Wilson-Chihan,"Ntra. Sra. del Carmen n° 245 casi, Asunción 001530, Paraguay",0991 702714,+595 991 702714,https://century21.com.py/,4.6,26,"['establishment', 'point_of_interest', 'real_estate_agency']",inmobiliaria,,30,C
ChIJUav-R_OnXZQR_ZmemMOb8RI,Estudio Jurídico Gross Brown,"Benjamin Constant 624, Asunción 001013, Paraguay",(021) 444 426,+595 21 444 426,https://www.grossbrown.com.py/,4.7,41,"['establishment', 'point_of_interest']",abogado,,30,C
ChIJSXz-M-enXZQRJAoXTa3Um-o,Estudio Jurídico GGBSL,"III – Piso 13, Edificio Aymac, Roque Centurión Miranda 1639 c, Asunción 1545, Paraguay",0981 256034,+595 981 256034,https://www.ggbsl.com/,4.9,11,"['establishment', 'point_of_interest']",estudio juridico paraguay,,30,C
ChIJwciBiUuvXZQRX9OOZhgiqDI,LE INGENIERIA S.A,"PF42+76X, Av. Sta. Teresa, Asunción 001404, Paraguay",0982 335600,+595 982 335600,http://www.facebook.com/LEINGENIERIASA,4.7,23,"['establishment', 'general_contractor', 'point_of_interest']",ingenieria,,30,C
ChIJA_qUTuOoXZQRymvyK8JKdWs,TES Ingenieria,"Asunción 001426, Paraguay",(021) 553 407,+595 21 553 407,http://www.tesingenieria.com.py/,4.6,23,"['establishment', 'point_of_interest']",ingenieria,,30,C
ChIJlV6NkZOpXZQRKZP-yzELbnI,BpuntoC Marketing,"M9MW+9H8, Dr. Carlos Centurion 1044, Asunción 1632, Paraguay",(021) 557 758,+595 21 557 758,,4.8,24,"['establishment', 'point_of_interest']",agencia marketing paraguay,,30,C
ChIJ-f8Pe5qoXZQRvFkqtoRDkeg,Keller Williams Paraguay,"Campos Cervera esq, Asunción 001412, Paraguay",0973 230000,+595 973 230000,https://kwparaguay.kw.com/,4.6,43,"['establishment', 'point_of_interest', 'real_estate_agency']",inmobiliaria paraguay,,30,C
ChIJj5Yc2jepXZQRH2cOQMrGDg8,EC INGENIERIA,"Concejal Vargas Esquina, Asunción 001406, Paraguay",0986 514114,+595 986 514114,https://www.ecingenieria.com.py/,5.0,10,"['establishment', 'point_of_interest']",ingenieria,,30,C
ChIJD3hjcV2oXZQRryDPVm90CU0,Sociedad Constructora Chaco,"Parirí 1013 casi, Asunción 001518, Paraguay",(021) 550 283,+595 21 550 283,http://www.scc.com.py/,4.6,44,"['establishment', 'general_contractor', 'point_of_interest']",constructora,,30,C
ChIJGUOoyKCoXZQRRkyWWc2DGf8,InfoCasas Paraguay,"Doctor Luís Enrique Migone 1324 esquina, Asunción 001529, Paraguay",0986 901269,+595 986 901269,http://www.infocasas.com.py/,3.9,82,"['establishment', 'point_of_interest', 'real_estate_agency']",inmobiliaria paraguay,,30,C
ChIJnYysUfeoXZQRmnPeNTcvlRA,Sanatorium San Martin,"Av. República Argentina, Encarnación 001423, Paraguay",(021) 569 4500,+595 21 569 4500,,3.6,121,"['establishment', 'health', 'hospital', 'point_of_interest']",clinica privada paraguay,,30,C
ChIJdwtclb2nXZQRHYgMf6Hrp7s,IPS- Centro de Atención Ambulatoria (CAA) Instituto de Prevision Social (IPS),"Santisimo Sacramento y, Asunción 001531, Paraguay",,,http://www.ips.gov.py/,4.3,97,"['establishment', 'health', 'point_of_interest']",clinica medica,,30,C
ChIJ-43ib5-oXZQRs5pkTmzJ7bs,DE Constructora SA,"Dr. Bernardino Caballero 1239, Asunción 001409, Paraguay",(021) 602 722,+595 21 602 722,http://www.deconstructora.com.py/home/contactos.php,4.6,23,"['establishment', 'point_of_interest']",constructora,,30,C
ChIJASAkvrmoXZQRNjGlbmkeg_Y,WA Construcciones S.A.,"Capitán Emeterio Miranda 257, Asunción 001407, Paraguay",(021) 663 044,+595 21 663 044,http://www.wa.com.py/,4.7,46,"['establishment', 'general_contractor', 'point_of_interest']",constructora,,30,C
ChIJJX2m1oGnXZQRizeDVtTTzwY,Kove S.A.,"Edificio Recoleta Business Center Calle 23 de Octubre Nº 156 entre, Av. Mariscal López y, Asunción 001411, Paraguay",(021) 729 0900,+595 21 729 0900,https://www.kove.com.py/,4.7,20,"['establishment', 'point_of_interest']",software house paraguay,,30,C
ChIJY4RUtuWnXZQRWfjBLetcYN0,Tabárez Publicidad - Grupo TBZ,"Luís Alberto de Herrera 969, casi EEUU 1829, Paraguay",(021) 446 060,+595 21 446 060,http://www.tabarez.com.py/,4.8,17,"['establishment', 'point_of_interest']",agencia marketing paraguay,,30,C
ChIJC0vMNLeoXZQRhmavXQ_atiI,ueno bank x Denis Roa,"Denis Roa, Asunción 001407, Paraguay",(021) 618 8000,+595 21 618 8000,http://www.ueno.com.py/,3.8,57,"['bank', 'establishment', 'finance', 'point_of_interest']",banco,,30,C
ChIJVX2JfCKnXZQRgimv3GP5Ukk,Dúo Agencia de Marketing,"Mayor Joel Estigarribia, Asunción 1522, Paraguay",0995 628017,+595 995 628017,https://duo.com.py/,5.0,14,"['establishment', 'point_of_interest']",marketing digital,,30,C
ChIJ50PTMI2pXZQRk5NnA5_JIk4,The Promote Lab - Agencia Creativa,"Av. Denis Roa e, Moisés Bertoni 545, Asunción 1209, Paraguay",0981 175664,+595 981 175664,https://api.whatsapp.com/send?phone=595981175664,5.0,6,"['establishment', 'point_of_interest']",marketing digital,,30,C
ChIJwafG2kOmXZQRmGUBCP2qeNM,ueno bank x Trinidad,"Av. Santísima Trinidad esquina, Asunción 001519, Paraguay",(021) 618 8000,+595 21 618 8000,http://www.ueno.com.py/,3.9,67,"['bank', 'establishment', 'finance', 'point_of_interest']",banco,,30,C
ChIJb2qKhteoXZQRUEjO0MpHiL0,Cloud Paraguay - Data Driven Marketing,"Aviadores del Chaco 2050 World Trade Center / Torre, Asunción 001410, Paraguay",(660) 696-4014,+1 660-696-4014,https://cloudparaguay.com/,5.0,10,"['establishment', 'point_of_interest']",agencia marketing paraguay,,30,C
ChIJ02_eAICoXZQRSRWJrBab2UI,Agencia Lupe,"Paraguari 852, e/ Manuel Domínguez y F. R. Moreno., Asunción 1229, Paraguay",0992 436146,+595 992 436146,https://www.lupe.com.py/,4.5,40,"['establishment', 'point_of_interest']",agencia marketing paraguay,,30,C
ChIJKzVZZdSnXZQRTyrLdSw0xBI,WILD FI,"Antonio José de Sucre y Alcalá 1036, Asunción 001411, Paraguay",(021) 603 031,+595 21 603 031,http://www.wildfi.com/,4.7,37,"['establishment', 'point_of_interest']",agencia marketing paraguay,,30,C
ChIJM0Twu3epXZQRPSWfpa5RV34,Inovatis Group S.A,"San Juan XXIII, Asunción 001527, Paraguay",0986 567653,+595 986 567653,https://inovatis.com.py/,4.9,14,"['establishment', 'point_of_interest']",empresa tecnologia paraguay,,30,C
ChIJYb6VDf-lXZQRXGO4irmgYJY,Nosotros S.A.,"Duplex B, Av. Primer Presidente 3266, Asunción 001525, Paraguay",0986 481042,+595 986 481042,http://www.nosotroshq.com/,4.7,22,"['establishment', 'point_of_interest']",software house paraguay,,30,C
ChIJsznnMXmnXZQRyRD5o91kBHI,G DIGITAL,"San Francisco 1103 1120, Asunción 001204, Paraguay",0981 121023,+595 981 121023,https://www.gdigital.com.py/,4.9,8,"['establishment', 'point_of_interest']",marketing digital,,30,C
ChIJB-b59napXZQRoO-iY_HcfPI,NoollaB Negocios Digitales,"Av Gral Máximo Santos 1030 casi, Concordia 1208, Asunción 001204, Paraguay",(021) 326 9644,+595 21 326 9644,http://www.noollab.com/,5.0,5,"['establishment', 'point_of_interest']",marketing digital,,30,C
ChIJjcnwec-nXZQRDQ04WruQ4hk,Excelsis S.A,"Capitán Victor Manuel Brizuela esq, Edificio Ellis Office, República Dominicana 650, Asunción 001208, Paraguay",(021) 230 160,+595 21 230 160,http://www.excelsis.com.py/,4.7,44,"['establishment', 'point_of_interest']",empresa tecnologia paraguay,,30,C
ChIJH4NrAqWoXZQR0V9wI-qkniE,Freelancers del Paraguay S.A.,"Capitán Emeterio Miranda 643, Asunción 001407, Paraguay",(021) 606 039,+595 21 606 039,https://www.freelancer.com.py/,4.9,16,"['electronics_store', 'establishment', 'local_government_office', 'point_of_interest', 'store']",software house paraguay,,30,C
ChIJieLMTuqoXZQRTL0urx16gFQ,Merit Paraguay S.A.,"J. B. Rivarola Matto 5837, Asunción 001420, Paraguay",(021) 237 6908,+595 21 237 6908,https://merit.com.py/,4.6,30,"['establishment', 'point_of_interest']",empresa tecnologia paraguay,,30,C
ChIJsfzjCNSnXZQRbOV-4C2cTNw,Integrando - Consultora de RR.HH.,"Sto 1° Lorenzo Ayala entre, Teniente Félix Cañete Miño y, Asunción 001534, Paraguay",0981 703752,+595 981 703752,,2.7,3,"['establishment', 'point_of_interest']",consultora recursos humanos paraguay,,30,C
ChIJ29EY5kunXZQR9pcxQe5SjfU,Guarani Global Tech - Desarrollo de Apps para Negocios en Asunción,"Sacramento 391, Asunción 011241, Paraguay",0974 653919,+595 974 653919,,0.0,0,"['establishment', 'point_of_interest']",software,,30,C
ChIJg0reFdipXZQRmlqOIdocSDI,FACTURANDO.COM.PY - Facturación Electrónica,"Av. Aviadores del Chaco 1816, Asunción 001410, Paraguay",(021) 507 772,+595 21 507 772,https://facturando.com.py/,4.9,12,"['establishment', 'point_of_interest']",software,,30,C
ChIJj5Jx5dSnXZQRh99t8u0OY_U,SoftShop S.A.,"5to piso, Av. España esq, Asunción 1407, Paraguay",(021) 238 1737,+595 21 238 1737,http://www.softshop.com.py/,4.5,17,"['establishment', 'point_of_interest']",software,,25,C
ChIJbScjuOyoXZQRMoHQ6oJDJsQ,SODEP S.A.,"Belgica 839 c, Asunción 001409, Paraguay",0981 131694,+595 981 131694,http://www.sodep.com.py/,4.7,18,"['establishment', 'point_of_interest']",software,,25,C
ChIJfXY9teupXZQRIVAQFxn_LX8,Agencia Financiera de Desarrollo,"Herib Campos Cervera N° 886 casi, Av. Aviadores del Chaco, Asunción 001527, Paraguay",(021) 606 020,+595 21 606 020,,4.6,25,"['establishment', 'point_of_interest']",banco privado paraguay,,25,C
ChIJVRc6oqGF9pQRbH5KkZYl-ls,Sudameris Bank Edificio Corporativo Sede Cd. del Este,"Monseñor Rodríguez, Cd. del Este 100153, Paraguay",(021) 416 6000,+595 21 416 6000,https://www.sudameris.com.py/,5.0,3,"['atm', 'bank', 'establishment', 'finance', 'insurance_agency', 'point_of_interest']",banco privado paraguay,,25,C
ChIJY5XnsIKoXZQRyKnkGA0OA9w,Codium S.A./ Willdom Paraguay,"Gonzalo Bulnes 830, Asunción 001411, Paraguay",0971 631303,+595 971 631303,,4.7,24,"['establishment', 'point_of_interest']",software house paraguay,,25,C
ChIJjUfykfGpXZQRJD9OeLdojmc,Mint Agencia Digital,"Av. Gral. José de San Martín y, Asunción 001411, Paraguay",0981 946157,+595 981 946157,http://www.mint.com.py/,5.0,3,"['establishment', 'point_of_interest']",marketing digital,,25,C
ChIJU_2RC-yoXZQRFVrF_IsN0x4,Ayo Agencia de Autor,"César Pirovano, Asunción 001524, Paraguay",,,http://www.ayo.com.py/,4.9,12,"['establishment', 'point_of_interest']",agencia marketing paraguay,,25,C
ChIJXS0aR2OnXZQRHcv9R-SGC7E,Agencia Me Digital,"Tte 1075, Asunción 001535, Paraguay",0982 687450,+595 982 687450,https://www.agenciamedigital.com/,5.0,2,"['establishment', 'point_of_interest']",agencia digital,,25,C
ChIJFVKIYwCnXZQRAnVgv6ccaHA,Finestra Law. Paraguay Residency,"4th floor, Av. Gral. José Gervasio Artigas 2025, Asunción 001202, Paraguay",0981 259192,+595 981 259192,https://finestralaw.com/,5.0,3,"['establishment', 'lawyer', 'point_of_interest']",firma abogados paraguay,,25,C
ChIJ84NrT5GoXZQRqmuvJV0i-VU,Yeah! S.A. Agencia Creativa & Lab Digital,"Doctor Eduardo López Moreira 5286, Cruz del Defensor, Asunción 1209, Paraguay",(021) 662 878,+595 21 662 878,https://www.yeah.com.py/,4.1,21,"['establishment', 'point_of_interest']",marketing digital,,25,C
ChIJuwNM_p6pXZQRMg-b7pkLdcU,Big Boss agencia de marketing digital,"Olegario Víctor Andrade 689, Asunción 1860, Paraguay",,,https://bigboss.com.py/,5.0,10,"['establishment', 'point_of_interest']",marketing digital,,25,C
ChIJQYjwemipXZQRc2WC1GDL3wA,NeoSystem Paraguay,"San Jose 352 c/ 15 De Mayo Fernando De La Mora Fernando de la Mora, Fernando de la Mora 2300, Paraguay",0981 256797,+595 981 256797,https://neosystem.com.py/,5.0,1,"['establishment', 'point_of_interest']",empresa tecnologia paraguay,,25,C
ChIJS2OR9h8IXZQR7kDdpsU0y9k,Materia Gris,"Alfredo Seiferheld 5035 casi, Asunción 001414, Paraguay",0991 802074,+595 991 802074,http://materiagris.com.py/,5.0,3,"['establishment', 'point_of_interest']",agencia marketing paraguay,,25,C
ChIJ17cElcKnXZQRhmXBoKuIWto,Fibase,"Campos Cervera 6313 c, Asunción 001416, Paraguay",0991 802944,+595 991 802944,http://www.tix.com.py/,4.7,9,"['establishment', 'point_of_interest']",empresa tecnologia paraguay,,25,C
ChIJA1bjKTynXZQR5XfWVMy15lg,Genexus Paraguay,"Avenida España 2028 Piso 4, Edificio Urano, Av. España 2028, Asunción 001207, Paraguay",(021) 205 510,+595 21 205 510,https://genexusparaguay.com.py/,5.0,1,"['establishment', 'point_of_interest']",software house paraguay,,25,C
ChIJnbwc1RUIXZQR7GaWiMrP_JY,"SANATORIO ESPAÑOL, ASUNCION","Gobernador Domingo M.De Irala y, Asunción 001005, Paraguay",(021) 420 888,+595 21 420 888,,3.9,61,"['establishment', 'health', 'hospital', 'point_of_interest']",clinica privada paraguay,,25,C
ChIJLR-BOfupXZQRY-Nn93VG22g,RE/MAX FAMILY,"Av Gral Máximo Santos 2488, Asunción 1614, Paraguay",0986 450931,+595 986 450931,https://www.remax.com.py/family,4.4,33,"['establishment', 'point_of_interest', 'real_estate_agency']",inmobiliaria,,25,C
ChIJ0c8aEBSmXZQRbGtHzjGYxco,Soluciones en Recursos Humanos by Lizzy,"Pbro. Lorenzo Pérez Vellozo, Asunción 001520, Paraguay",0986 400799,+595 986 400799,https://www.lizzycastillo.com.py/,4.6,14,"['establishment', 'point_of_interest']",consultora recursos humanos paraguay,,25,C
ChIJLVUmYx0IXZQRkOA5HvyY8xc,RHGROUP,"Av. Gral. José Gervasio Artigas 308 esq, Asunción 1401, Paraguay",(021) 207 339,+595 21 207 339,http://www.rhgroup.com.py/,4.3,32,"['establishment', 'finance', 'point_of_interest']",consultora recursos humanos paraguay,,25,C
ChIJ7zA1aYGvXZQRg0Pk6mnqksM,RH PARAGUAY,"Mayor E. Vera esq, Asunción 001419, Paraguay",0972 401540,+595 972 401540,https://rhparaguay.com/,5.0,1,"['establishment', 'point_of_interest']",consultora recursos humanos paraguay,,25,C
ChIJ4Y1lr7OvXZQRea54TED2ThY,FOX Recursos Humanos,"San Roque Gonzalez de Santa Cruz casi, Teniente Ramírez, Luque 110932, Paraguay",0972 488844,+595 972 488844,http://foxrecursoshumanos.com/,4.3,36,"['establishment', 'point_of_interest']",consultora recursos humanos paraguay,,25,C
ChIJ-24F7AenXZQRLekkmf8N3kA,Latino Tecnologia S.A.,"Teniente Bernal 3600, Asunción 1706, Paraguay",(021) 338 0418,+595 21 338 0418,https://www.facebook.com/LatinoTecnologia/,4.2,41,"['establishment', 'point_of_interest']",technology,,25,C
ChIJIZRNSwCnXZQRR62KAx5G8cc,EON - PLAY THE FUTURE,"Itapua 570, esquina, Asunción 001520, Paraguay",0976 923243,+595 976 923243,,5.0,5,"['establishment', 'point_of_interest']",technology,,25,C
ChIJgT7fBeqnXZQRczN0lj4Pt1Y,Mentoring & Coaching consultora,"PCFH+PV5, Dr. Carlos Abdala 1085, Asunción 1767, Paraguay",,,,0.0,0,"['establishment', 'point_of_interest']",consultora,,25,C
ChIJO-7HLUenXZQRCwjA3w1IYsA,Estudio Jurídico Schreiber Hellmann & Asoc.,"Capitán Blas Montiel, Asunción 001528, Paraguay",0986 477414,+595 986 477414,,4.9,9,"['establishment', 'lawyer', 'point_of_interest']",abogado,,25,C
ChIJ0UsD80OmXZQR-Wguvbt-w-E,Sanatorio Santa Barbara,"Alejandro Ravizza 263, Asunción 001519, Paraguay",(021) 299 388,+595 21 299 388,,3.8,99,"['establishment', 'health', 'hospital', 'point_of_interest']",clinica medica,,25,C
ChIJqX2SV2enXZQRi6txJDZtcl0,Consultorio de especialidades médicas,"Eligio Ayala 1820 c, Asunción 001224, Paraguay",(021) 224 368,+595 21 224 368,,4.8,8,"['establishment', 'health', 'point_of_interest']",clinica medica,,25,C
ChIJ0UZqvtGlXZQRqvzdx2CLciM,CENTRO MEDICO MAITEI,"Asunción 001508, Paraguay",(021) 299 014,+595 21 299 014,https://www.instagram.com/centromedicomaitei/,4.0,46,"['establishment', 'health', 'hospital', 'pharmacy', 'point_of_interest', 'store']",clinica medica,,25,C
ChIJ4YJ_CLWnXZQRJ4G6TLnkX8c,Keller Williams Las Lomas,"Teniente Primero Virgilio Pessolani 2050, Dr. Ramón Zubizarreta y, Asunción 001520, Paraguay",0971 997923,+595 971 997923,https://www.kwparaguay.com/,5.0,2,"['establishment', 'point_of_interest']",inmobiliaria,,25,C
ChIJo5Rf8HmoXZQROsppbWLFcH0,Clínica CETRO S.A.,"33 Orientales esq, Asunción 001227, Paraguay",(021) 225 305,+595 21 225 305,https://www.facebook.com/CetroSA/,4.3,21,"['establishment', 'health', 'hospital', 'point_of_interest']",clinica medica,,25,C
ChIJXw1aevunXZQRw6YrM2AW63Y,NEGOCIOS INMOBILIARIOS DEL PARAGUAY,"Hachero 306 casi, Asunción 1501, Paraguay",0981 990379,+595 981 990379,http://www.nip.com.py/,4.7,13,"['establishment', 'point_of_interest', 'real_estate_agency']",inmobiliaria paraguay,,25,C
ChIJuS9V6X2oeC4RZZV4oesZ6I8,Estudio Jurídico AS Legal,"Isaac Kostianovsky, Asunción 6465, Paraguay",0992 229900,+595 992 229900,http://www.aslegal.com.py/,5.0,2,"['establishment', 'finance', 'lawyer', 'point_of_interest']",estudio juridico paraguay,,25,C
ChIJdeCapdynXZQRv36z8n_LNMM,Estudio Jurídico Irún & Villamayor,"Juan de Salazar y Espinoza, Asunción 001209, Paraguay",(021) 728 8820,+595 21 728 8820,,4.7,43,"['establishment', 'point_of_interest']",estudio juridico paraguay,,25,C
ChIJ78FWgsSnXZQRa_mKZq56ess,Salum & Wenz Constructora,"Quesada 4926 esq Edificio Atlas Center, Rodolfo Zotti, Asunción 001412, Paraguay",(021) 612 588,+595 21 612 588,http://www.salum-wenz.com.py/,4.4,38,"['establishment', 'general_contractor', 'point_of_interest']",constructora,,25,C
ChIJ6_hUr-anXZQR3cfXTc6He1M,Actividades de Construcción e Ingeniería S.A.,"1065,, Brasil, Asunción 001221, Paraguay",(021) 338 1439,+595 21 338 1439,http://www.acinternacional.com/,5.0,2,"['establishment', 'general_contractor', 'point_of_interest']",ingenieria,,25,C
ChIJ-YTofZmpXZQRwrqz0-VQOxI,Ok Constructora SA,"Gomez De Castro 550, Asunción 001411, Paraguay",(021) 328 2221,+595 21 328 2221,http://okconstructora.com/,5.0,4,"['establishment', 'general_contractor', 'point_of_interest']",constructora,,25,C
ChIJdR_AhXqlXZQR5Ha1iQquzw8,MURA EMPRESA CONSTRUCTORA,"Marcelo Onieva N° 655 C, Asunción 001522, Paraguay",(021) 290 114,+595 21 290 114,,4.8,5,"['establishment', 'general_contractor', 'point_of_interest']",constructora,,25,C
ChIJHYQv232pXZQRwwgKgM5Zr20,RM ingenieria y servicios,"Dr. Felix Paiva 7435 CASI, Asunción 001419, Paraguay",0961 230923,+595 961 230923,,5.0,5,"['electrician', 'establishment', 'point_of_interest']",ingenieria,,25,C
ChIJt0qzWRimXZQRAbFyeWM-IR8,A1 Construcciones e Ingeniería,"Coronel Jorge Butleroff 991, Asunción 1766, Paraguay",0971 356876,+595 971 356876,http://a1ci.com/,5.0,2,"['establishment', 'general_contractor', 'point_of_interest']",ingenieria,,25,C
ChIJmbkBik0JXZQRZ_0HxeAzvKA,AS-ING (All Solutions Ingenieria),"Sta. Cruz y, Asunción 0000, Paraguay",0973 221944,+595 973 221944,http://www.allsolutionsingenieria.com/,5.0,1,"['establishment', 'point_of_interest']",ingenieria,,25,C
ChIJxRyC4RemXZQRXLt_S_UVaqI,Agencia Ojo De Pez,"Av. España 1811 e, Asunción 001208, Paraguay",0976 543856,+595 976 543856,http://www.ojodepez.com.py/,4.3,21,"['establishment', 'point_of_interest']",agencia marketing paraguay,,25,C
ChIJnzixRc6nXZQRRj2M4Pjamo8,Carlos Maidana Torres - Asesor inmobiliario,"Av. Dr. Felipe Molas López 1321, Asunción 1130, Paraguay",0983 828500,+595 983 828500,http://www.instagram.com/carlos.asesorinmobiliario,5.0,1,"['establishment', 'general_contractor', 'point_of_interest', 'real_estate_agency']",inmobiliaria,,25,C
ChIJsVjmNl-pXZQRF7ZUh80oSG0,Estudio Jurídico Melgarejo y Asociados.,"Legion Civil Extranjera, Asunción 001412, Paraguay",0992 310469,+595 992 310469,,5.0,2,"['establishment', 'point_of_interest']",firma abogados paraguay,,20,C
ChIJszPK-ICnXZQRQ0X1QZ8Orfo,Reygros Estudio Jurídico y Asesoría Legal,"Asunción 001203, Paraguay",0983 200114,+595 983 200114,,4.6,10,"['establishment', 'point_of_interest']",firma abogados paraguay,,20,C
ChIJH8L-_iGnXZQR6mH09wNt-Yc,Estudio Jurídico MONGES-NUÑEZ & asociados,"Av. España 2121 esquina, Asunción 001207, Paraguay",0981 850011,+595 981 850011,,4.7,7,"['establishment', 'lawyer', 'point_of_interest']",abogado,,20,C
ChIJ6_YsseCnXZQRqE2Vuq2fqpE,Meds Clínica - Centro Urológico,"Pai Perez 532, Asunción 0000, Paraguay",0981 487979,+595 981 487979,,4.3,33,"['establishment', 'health', 'point_of_interest']",clinica medica,,20,C
ChIJewv2KOinXZQRfqEUgYmKyME,Centro de Especialidades de Salud Integral - IPS,"PCJ8+PQ2, Santisimo Sacramento, Asunción 001531, Paraguay",(021) 219 7293,+595 21 219 7293,http://www.ips.gov.py/,4.2,17,"['establishment', 'health', 'hospital', 'point_of_interest']",clinica medica,,20,C
ChIJNXWEREepXZQRsCl0rsaCT5c,VAESKEN Y ASOCIADOS ESTUDIO JURÍDICO,"1234, Asunción 1234, Paraguay",0984 806232,+595 984 806232,,5.0,1,"['establishment', 'lawyer', 'point_of_interest']",abogado,,20,C
ChIJoxbndySmXZQRMK9r8noGZBk,SU-Mar Consultores Asociados,"con, Ntra. Sra. del Carmen, Asunción 1762, Paraguay",,,http://www.susanauziel.com.ar/,5.0,2,"['establishment', 'point_of_interest']",consultora,,20,C
ChIJjyY-23qoXZQRGrocga36efY,Aponte Latorre Constructora,"John F. Kennedy, Asunción 001228, Paraguay",0981 257801,+595 981 257801,,4.4,40,"['establishment', 'general_contractor', 'point_of_interest']",constructora,,20,C
ChIJi7Opo52nXZQRHu7ai0eV8TE,Estudio Jurídico Dujak & Asociados,"P995+QW8, Ayolas, Asunción 001012, Paraguay",(021) 494 608,+595 21 494 608,,5.0,1,"['establishment', 'lawyer', 'point_of_interest']",estudio juridico paraguay,,20,C
ChIJqVw58NunXZQRLPBG9uwqW4c,CeConsult,"Av Gral Máximo Santos Nº634 C, Asunción 001208, Paraguay",0984 674000,+595 984 674000,http://www.ceconsult.com.py/,4.1,10,"['establishment', 'point_of_interest']",consultora,,20,C
ChIJoXxcPdapXZQR6I2qsEsCIRU,Altura Ingeniería,"Gumersindo Sosa 315, Asunción 001407, Paraguay",0982 835866,+595 982 835866,,5.0,1,"['establishment', 'point_of_interest']",ingenieria,,20,C
ChIJ90Tb7OCnXZQRUrkUVsWISsA,EDB Construcciones S.A.,"Herrera, Asunción 001220, Paraguay",(021) 214 368,+595 21 214 368,,4.4,41,"['establishment', 'general_contractor', 'point_of_interest']",constructora,,20,C
ChIJ1WzJRnGpXZQR9SX7peYkBVk,Clínica Santa Maria,"Av. Dr. Guido Boggiani, Asunción 001416, Paraguay",(021) 664 664,+595 21 664 664,http://www.clinicasantamaria.com.py/,2.9,27,"['establishment', 'health', 'point_of_interest']",clinica medica,,20,C
ChIJLX7zfJanXZQRfHoYZWQi8n0,SANTA LUCIA INGENIERIA,"PCWG+59C, Asunción 001519, Paraguay",0991 992505,+595 991 992505,,5.0,2,"['establishment', 'general_contractor', 'point_of_interest']",ingenieria,,20,C
ChIJ4ZaipCCrXZQRBXE4VJkXLCo,Litigium Paraguay Estudio Jurídico,"PCPF+9MQ, Asunción 001520, Paraguay",0981 178600,+595 981 178600,,5.0,3,"['establishment', 'point_of_interest']",estudio juridico paraguay,,20,C
ChIJUZxL7cSnXZQRjodLB-dMbj8,Ebro - Firma Jurídica,"Washington 935 c/ Defensa Nacional, Asunción 001210, Paraguay",(021) 338 2811,+595 21 338 2811,,5.0,4,"['establishment', 'lawyer', 'point_of_interest']",firma abogados paraguay,,20,C
ChIJFcU-skmpXZQRA_PHD59TwkU,Karaku Agencia Digital,"Cnel. Felix Cabrera 1166, Asunción 001409, Paraguay",0982 142030,+595 982 142030,,5.0,2,"['establishment', 'point_of_interest']",agencia digital,,20,C
ChIJUR07YdKpXZQRtcl6WjAWpvY,ITTI Digital,"Av. Santa Teresa entre, Torre 3, Av. Aviadores del Chaco y, Asunción 1827, Paraguay",(021) 238 2200,+595 21 238 2200,,4.3,20,"['establishment', 'point_of_interest']",empresa tecnologia paraguay,,20,C
ChIJV2Ka-_OnXZQRnIjTiQUBddM,Oruga Agencia Creativa,"Dr. Teodoro Rojas esq, Asunción 001519, Paraguay",0981 757123,+595 981 757123,,5.0,1,"['establishment', 'point_of_interest']",agencia digital,,20,C
ChIJVXr-__qnXZQRZMzZGGRLImo,El Quincho Agencia Digital,"Agustín Pío Barrios 1450 Casi, Asunción 001529, Paraguay",0981 943000,+595 981 943000,,4.7,17,"['establishment', 'point_of_interest']",marketing digital,,20,C
ChIJxY06ApSoXZQRIwGUPW5Z_ZM,Digito - Firma digital,"Av. República Argentina 893, Asunción 001415, Paraguay",0976 538954,+595 976 538954,https://www.digito.com.py/contacto,3.9,26,"['establishment', 'point_of_interest']",software,,20,C
ChIJg1Mh0himXZQRDOTG2jKWAV0,Mister Co. - Agencia Digital,"San Rafael, Asunción 001528, Paraguay",0991 837183,+595 991 837183,,5.0,1,"['establishment', 'point_of_interest']",marketing digital,,20,C
ChIJQxqLzzWvXZQR7JLH6VV9EiA,GRUPO IT PARAGUAY,"Dr. Agustin Goiburu N° 1891 entre Taruma y, Dr. Agustín Goiburu 1891, Asunción 001422, Paraguay",0962 280341,+595 962 280341,http://www.grupoit.com.py/,4.4,7,"['establishment', 'point_of_interest']",empresa tecnologia paraguay,,20,C
ChIJN-BhLjanXZQR2nttwFOeTbk,LAVORO,"Av. Aviadores del Chaco 3207, Asunción 001524, Paraguay",0985 872236,+595 985 872236,http://www.lavoro.com.py/,4.4,5,"['establishment', 'point_of_interest']",consultora recursos humanos paraguay,,20,C
ChIJ_RwmRgCpXZQRtqEYU0RrPs4,Sistema de Facturación y Control de Stock,"PC5P+G7J, Asunción 001409, Paraguay",0981 531946,+595 981 531946,,5.0,1,"['establishment', 'point_of_interest']",software,,20,C
ChIJVVVVVRWmXZQRjKOT_5rJsgE,CONSTRUGOMES,"Calle San Blas N.º 2.339 Dpto. Nº 501, Asunción 001520, Paraguay",,,http://construgomes.com/,5.0,2,"['establishment', 'general_contractor', 'point_of_interest']",constructora,,20,C
ChIJP3slFTymXZQRkkKnS0qu1D4,Pabellon De Consultorios Ips Central,"Heriberto Gómez de la Fuente 209, Asunción 001531, Paraguay",0800 115000,+595 800 115000,http://www.ips.gov.py/,4.1,12,"['establishment', 'health', 'hospital', 'point_of_interest']",clinica medica,,20,C
ChIJ1zatXuGlXZQRAu2IN0g3gHU,Mura S. A. Ingeniería - Arquitectura,"Marcelo Onieva, Asunción 001522, Paraguay",(021) 290 114,+595 21 290 114,,4.7,15,"['establishment', 'point_of_interest']",ingenieria,,20,C
ChIJuQQcmImnXZQRbOFxy27t79w,IBL INGENIERIA S.R.L,"Tte. 2do. Alejandro Monges Casi, Asunción 2050, Paraguay",0992 205717,+595 992 205717,,5.0,2,"['establishment', 'point_of_interest']",ingenieria,,20,C
ChIJEX0ty_anXZQR-d_uqR2YQ60,Caja Bancaria,"P976+RPQ, Alberdi, Asunción 001101, Paraguay",(021) 439 7000,+595 21 439 7000,https://www.cajabancaria.gov.py/,3.1,13,"['bank', 'establishment', 'finance', 'point_of_interest']",banco privado paraguay,,15,C
ChIJEVGpKQWmXZQRTVE2kYeQyDk,Zentcode,"Edificio Skypark, Av. Aviadores del Chaco esquina, Asunción 001401, Paraguay",,,http://www.zentcode.com/,4.7,3,"['establishment', 'point_of_interest']",software house paraguay,,15,C
ChIJHSOwjcWpXZQR74pDW4_QdDU,𝑽𝒆𝒔𝒑𝒂 𝑨𝒃𝒐𝒈𝒂𝒅𝒐𝒔 & 𝑨𝒔𝒐𝒄𝒊𝒂𝒅𝒐𝒔 𝒑𝒚,"25 de Mayo, Asunción 2132, Paraguay",,,,5.0,2,"['establishment', 'point_of_interest']",firma abogados paraguay,,15,C
ChIJkbdRbi6nXZQRzU_TfvEIuKA,Ybe Consultoría Ambiental,"PCQC+RR7, Av. Santísima Trinidad, Asunción 2860, Paraguay",,,,5.0,1,"['establishment', 'point_of_interest']",consultora,,15,C
ChIJJTl6S_-tXZQRMQT8q_B9DCc,Constructora Asunción S.A.,"MG2P+PQP, Capiatá 110208, Paraguay",0991 601713,+595 991 601713,,4.3,14,"['establishment', 'general_contractor', 'point_of_interest']",constructora,,15,C
ChIJUfQit_SpXZQRnI39P59_4rE,Clínica Dr.Valé - Asunción I Consultas médicas y Estudios,"Vice Pdte. Sanchez 491 esquina, Asunción 1535, Paraguay",0971 963000,+595 971 963000,,3.9,32,"['establishment', 'health', 'point_of_interest']",clinica medica,,15,C
ChIJrQhhgripXZQRD47fOjDdLmo,Estudio Jurídico Paredes García & Zmuda,"Paraiso N° 668 casi, Asunción 001426, Paraguay",,,,5.0,4,"['establishment', 'point_of_interest']",estudio juridico paraguay,,15,C
ChIJd6I5TQCpXZQRevOqLVhbBeE,Asunción,"M9WP+PHF, Av. Eusebio Ayala, Asunción 001236, Paraguay",,,,5.0,1,"['establishment', 'general_contractor', 'point_of_interest']",constructora,,15,C
ChIJo0C-N2WoXZQRd_gnI4P9jpk,Máquina Ingenieria S.R.L. Solidworks,"José Asunción Flores, Asunción 001228, Paraguay",,,https://maquina.com.py/,4.7,3,"['establishment', 'point_of_interest']",ingenieria,,15,C
ChIJVwD5js2vXZQRUcnvvbkWncA,Constructora Asunción S.A. y Asociados,"MCPW+XRX, Fernando de la Mora 110306, Paraguay",,,,4.6,9,"['establishment', 'general_contractor', 'point_of_interest']",constructora,,15,C
ChIJ_Tv363SpXZQRZiwB09QHcMc,PRIVATE UNIVERSITY Guaira. HEADQUARTERS LAMBARE,"Nestor Romero Valdovinos esq, Lambaré 110723, Paraguay",(021) 940 710,+595 21 940 710,,4.0,11,"['establishment', 'point_of_interest', 'university']",universidad privada paraguay,,15,C
ChIJd0PKVYqoXZQRm0bbCGsucAI,.,"PC25+2C6, Mauricio Cardozo Ocampo, Asunción 001413, Paraguay",0981 788210,+595 981 788210,http://www.facebook.com/clubtechnologypy/,4.0,4,"['electronics_store', 'establishment', 'point_of_interest', 'store']",technology,,15,C
ChIJBXsjMwCnXZQRLjKGjiGLnJI,sehia digital studio,"Prof. Manuel Riquelme 1447, Asunción 1447, Paraguay",,,,5.0,1,"['establishment', 'point_of_interest']",agencia digital,,15,C
ChIJeyKLKACnXZQRbhXm2-VJ3ag,iene agencia,"Sgto. 1ro Manuel Benítez, Asunción 001526, Paraguay",0973 250760,+595 973 250760,https://www.instagram.com/ieneagencia/profilecard/?igsh=cGdxd2QxbXM4cmky,4.0,4,"['establishment', 'point_of_interest']",agencia digital,,15,C
ChIJjfRrlMmnXZQRCqgBtLmY_Pw,TDP S.A.,"Av. Gral. José Gervasio Artigas 1552, Asunción 001203, Paraguay",(021) 229 280,+595 21 229 280,http://www.tdp.com.py/,3.9,14,"['establishment', 'point_of_interest']",empresa tecnologia paraguay,,15,C
ChIJpUEmSqmpXZQRKDQcX82zAJs,Agencia Eco,"Agustín Pío Barrios 1230, Asunción 001529, Paraguay",,,http://www.agencia-eco.com/,4.5,4,"['establishment', 'point_of_interest']",agencia digital,,15,C
ChIJmx9pJn6pXZQRbxSq-ze992Y,Estudio Jurídico Abadie,"Prof. Sergio Conradi 1448, Asunción 001419, Paraguay",,,,5.0,1,"['establishment', 'lawyer', 'point_of_interest']",estudio juridico paraguay,,15,C
ChIJZ6NVHsavXZQRX3tVF8SVoZk,JV INGENIERIA,"Asunción 001403, Paraguay",,,http://www.jvingenieria.com.py/,4.5,2,"['establishment', 'point_of_interest']",ingenieria,,15,C
ChIJBXKn-D-pXZQRHjmpDRZy1L0,"SANATORIO DA VINCI, FERNANDO DE LA MORA","MC2F+RQX AV, Fernando de la Mora 110330, Paraguay",0985 807310,+595 985 807310,,3.5,29,"['establishment', 'health', 'hospital', 'point_of_interest']",clinica privada paraguay,,15,C
ChIJ8emrfhenXZQRw8Vlz3DOCAY,Nova Labs,"Av. Dr. Felipe Molas López, Asunción 110111, Paraguay",0976 549040,+595 976 549040,https://www.novalabs.com.py/,0.0,0,"['establishment', 'point_of_interest']",software,,10,C
ChIJNUsbCtynXZQRx6oAfqeyX9g,"MercoDigital - Agencia de Marketing Digital: ""Growth Performance""","Av. Dr. Felipe Molas López 1362, Asunción 1712, Paraguay",0985 849203,+595 985 849203,http://www.mercodigital.com/py,0.0,0,"['establishment', 'point_of_interest']",marketing digital,,10,C
ChIJMxp5gN6pXZQR1j1lYaV6Op0,BISA Ingenieria,"Dr. Guillermo Enciso Velloso 2112, Asunción 001410, Paraguay",0991 852976,+595 991 852976,https://mail.google.com/mail/u/0/?pli=1#inbox,3.0,1,"['establishment', 'point_of_interest']",ingenieria,,10,C
ChIJv9THwu6nXZQRDTzZdvaHE74,MECA INGENIERIA SA,"Damas Argentinas 252, Asunción 001202, Paraguay",,,,4.4,9,"['establishment', 'point_of_interest']",ingenieria,,10,C
ChIJV1VVVRWmXZQR1FRaE7EmWHQ,Incamas SRL,"Asunción 001531, Paraguay",5938 9569,+372 5938 9569,http://www.incamas.com/,0.0,0,"['establishment', 'finance', 'point_of_interest']",consultora,,10,C
ChIJh203gZ2nXZQRpDChCn8TljE,Shoperly,"Av. Dr. Felipe Molas López 1321, Asunción 001528, Paraguay",0992 448521,+595 992 448521,https://www.shoperly.app/,0.0,0,"['establishment', 'point_of_interest']",software,,10,C
ChIJzxLy6OCpXZQRZUeGPULdw8A,EQ Agencia Digital,"PC8J+789, Asunción 001529, Paraguay",0981 570001,+595 981 570001,,0.0,0,"['establishment', 'point_of_interest']",agencia digital,,5,C
ChIJ8XXW3cqnXZQRMh8BTnBcYvQ,AIRE DGTL,"Sargento Morel 379 y, Asunción 001519, Paraguay",,,https://www.instagram.com/aire.dgtl/,0.0,0,"['establishment', 'point_of_interest']",agencia digital,,5,C
ChIJsUsBeKKnXZQROKsfLAQrCkY,Mansión ITAVYAS,"Unnamed Road, PCPC+6CV, Asunción 001531, Paraguay",0971 269488,+595 971 269488,,0.0,0,"['bank', 'establishment', 'finance', 'point_of_interest']",banco,,5,C
ChIJTfjQ6j6mXZQR5FAeIvm2qbY,Carbono Digital,"2024, Asuncion, Paraguay, Sub Teniente Marcelino Ayala, Asunción 001531, Paraguay",(021) 282 557,+595 21 282 557,,0.0,0,"['establishment', 'point_of_interest']",marketing digital,,5,C
ChIJzQ7CPhinXZQRtw6HYDd79R8,Consultoría Digital - Ellie,"Jujui 199, Asunción 001520, Paraguay",,,,3.7,6,"['establishment', 'point_of_interest']",marketing digital,,5,C
ChIJnSGiCAinXZQRAFrRJ2KRGgA,Asunción Digital,"Gonzalo Bulnes 830, Asunción 1813, Paraguay",0972 111450,+595 972 111450,,0.0,0,"['establishment', 'point_of_interest']",agencia digital,,5,C
ChIJwSkrUbOnXZQRnUCz7Kz-6Yg,Jesusa | Ventas y Marketing Digital para Emprendedores,"Av. Dr. Felipe Molas López casi, Asunción 1528, Paraguay",0983 877627,+595 983 877627,,0.0,0,"['establishment', 'point_of_interest']",marketing digital,,5,C
ChIJIWJ4ohKnXZQREbnNkTA8gP8,CENTRO DE ESPECIALIDADES MÉDICAS,"Brasil 165, Asunción 001218, Paraguay",,,,3.8,13,"['doctor', 'establishment', 'health', 'point_of_interest']",clinica medica,,5,C
ChIJZUNeXgCnXZQR0jOaf00rVBs,Solvial ingenieria,"PCPF+GJH, Asunción 001520, Paraguay",,,,0.0,0,"['establishment', 'general_contractor', 'point_of_interest']",ingenieria,,0,C
