username,display_name,instagram,facebook,linkedin,twitter,tiktok,website,category,followers_approx,wellness_relevance,outreach_priority
adrianoimperador,Adriano imperador,https://www.instagram.com/adrianoimperador/,,,,,lifestyle,9600000,LOW,B
larissariquelme,Larissa Riquelme,https://www.instagram.com/larissariquelme/,https://www.facebook.com/LarissaRiquelme/,,https://x.com/lari_riquelme,,https://www.laririquelme.com/,fashion/family,5000000,MEDIUM,A
noeroa,Denisse Roa,https://www.instagram.com/denisseroaaa/,,,,"https://www.tiktok.com/@noeroa",,lifestyle/fashion,4600000,MEDIUM,A
nadiaferreira,Nadia Ferreira,https://www.instagram.com/nadiaferreira/,https://www.facebook.com/NadiaFerreiraOficial/,,,https://en.wikipedia.org/wiki/Nadia_Ferreira,fashion,3900000,HIGH,A
nutri_maga,Magali Alvarenga,https://www.instagram.com/nutri_maga/,,https://www.linkedin.com/pub/dir/Magali/Alvarenga,,https://www.tiktok.com/@nutrimaga,,health/nutrition,2700000,HIGH,A
chrisferreiranutri,Chris Ferreira,https://www.instagram.com/chrisferreiranutri/,,,,,,food/cooking,2500000,MEDIUM,B
dangsoficial,Dan Gs,https://www.instagram.com/dangsoficial/,,,,,,lifestyle,2300000,LOW,B
jigyeongpark,Ji Gyeong Park,https://www.instagram.com/jigyeongpark/,,,,,,lifestyle,2000000,LOW,B
michellelando,Michelelando,https://www.instagram.com/michellelando/,,,,"https://www.tiktok.com/@michellelando",,lifestyle,1900000,LOW,B
solecardozopy,Sole Cardozo,https://www.instagram.com/solecardozopy/,,,,"https://www.tiktok.com/@solecardozopy",,family/shows,1900000,MEDIUM,A
naraparaguaia,nara,https://www.instagram.com/naraparaguaia/,,,,,,beauty,1600000,MEDIUM,B
nicolelulichile,Nicole Moreno,https://www.instagram.com/nicolelulichile/,,,,,,fitness,1500000,HIGH,A
pamruizdiazok,Pam Ruiz Diaz,https://www.instagram.com/pamruizdiazok/,https://www.facebook.com/pame.ruizdiaztorres/,,,https://linktr.ee/pamruizdiazok,lifestyle,1500000,LOW,B
marilina_oficial,Marilina,https://www.instagram.com/marilina_oficial/,,,,"https://www.tiktok.com/@marilina_oficial",,music/lifestyle,1500000,LOW,B
laolitte8,Maria Laura Olitte,https://www.instagram.com/laolitte8/,,,,,,family,1300000,LOW,B
jessitorresm,Jessica Torres,https://www.instagram.com/jessitorresm/,,https://www.linkedin.com/pub/dir/Jessica/Torres/py-0-Paraguay,https://x.com/jessitorresm,,art/beauty,1300000,HIGH,A
fabimartinezoficial,Fabi Martinez,https://www.instagram.com/fabimartinezoficial/,,,,,,fitness,1300000,HIGH,A
emilia_aranda,Emilia Aranda,https://www.instagram.com/emilia_aranda/,,,,,,fashion/fitness,1300000,HIGH,A
verodelgado_,Vero Delgado,https://www.instagram.com/verodelgado_/,,,,,,family/photography,1200000,MEDIUM,B
ana_laura_chamorro,Ana Laura Chamorro,https://www.instagram.com/ana_laura_chamorro/,,,,,,lifestyle,1200000,MEDIUM,B
hamudytv,Mohamad Salim,https://www.instagram.com/hamudytv/,,,,,,lifestyle,1100000,LOW,B
osmar_olmedo,Osmar Olmedo,https://www.instagram.com/osmar_olmedo/,,,,,,fitness/gym,1100000,HIGH,A
ivan_torres11,Ivan Torres,https://www.instagram.com/ivan_torres11/,,,,,,family/sports,1000000,MEDIUM,B
elkoalah,ElKoalah,https://www.youtube.com/elkoalah,,,,,,food/tourism,1000000,MEDIUM,B
dallysferreira,Dallys Ferreira,https://www.instagram.com/dallysferreira/,https://www.facebook.com/dallysferreira/,,https://www.tiktok.com/@dallysferreira,,beauty/family,901000,HIGH,A
aria_dominguez,Aria Dominguez,https://www.instagram.com/aria_dominguez/,,,,,,fashion,800000,MEDIUM,B
giapereira,Gia Pereira,https://www.instagram.com/giapereira/,,,,,,lifestyle,750000,LOW,B
ana.coreana,Ana Coreana,https://www.instagram.com/ana.coreana/,,,,,,lifestyle,724000,LOW,B
ana_flores_py,Ana Flores,https://www.instagram.com/ana_flores_py/,,,,,,lifestyle,720000,LOW,B
soyeliass_,Soy Elias,https://www.instagram.com/soyeliass_/,,,,,,healthcare parody,684500,LOW,C
kari_gomez,Kari Gomez,https://www.instagram.com/kari_gomez/,,,,,,fashion,680000,MEDIUM,B
will_fretes,Will Fretes,https://www.instagram.com/will_fretes/,,,,,,lifestyle/family,602000,LOW,B
ayealfonsopy,AYE,https://www.instagram.com/ayealfonsopy/,,,,,,lifestyle,600000,LOW,B
paolamaltese,Paola Maltese,https://www.instagram.com/paolamaltese/,,,,,,fitness,574000,HIGH,A
bydrealeon,Andrea De Leon,https://www.instagram.com/bydrealeon/,,,,,,travel/lifestyle,546000,LOW,B
nati_gavilan,Nati Gavilan,https://www.instagram.com/nati_gavilan/,,,,"https://www.tiktok.com/@nati_gavilan",,fashion/humor,519700,MEDIUM,B
shuli_riquelme,Shuli Riquelme,https://www.instagram.com/shuli_riquelme/,,,,,,lifestyle,519000,LOW,B
arieldelgadilloo,Domingo Ariel,https://www.instagram.com/arieldelgadilloo/,,,,,,sports/fitness,492000,HIGH,A
cami_rodriguez,Cami Rodriguez,https://www.instagram.com/cami_rodriguez/,,,,,,lifestyle,480000,LOW,B
camirssato,Camilla Rossato,https://www.instagram.com/camirssato/,,,,"https://www.tiktok.com/@camirssato",,beauty,480000,MEDIUM,B
isa_ro19,Isa,https://www.instagram.com/isa_ro19/,,,,,,lifestyle,479000,LOW,B
mariasolcartes,Maria Sol Cartes,https://www.instagram.com/mariasolcartes/,,,,,,lifestyle,467000,LOW,B
sofia_lpz,Sofia Lopez,https://www.instagram.com/sofia_lpz/,,,,,,fashion,450000,MEDIUM,B
anaclaraferreira,Ana Clara Ferreira,https://www.instagram.com/anaclaraferreira/,,,,"https://www.tiktok.com/@anaclaraferreira",,lifestyle,450000,MEDIUM,B
paula_mendez,Paula Mendez,https://www.instagram.com/paula_mendez/,,,,,,beauty,440000,MEDIUM,B
lereynfranco1,Leryn Franco OLY,https://www.instagram.com/lereynfranco1/,,,,,,beauty/family,430000,MEDIUM,B
mariela_villalba,Mariela Villalba,https://www.instagram.com/mariela_villalba/,,,,,,lifestyle,420000,LOW,B
taniaromero,Tania Romero,https://www.instagram.com/taniaromero/,,,,,,fashion,410000,MEDIUM,B
valentinabogado,Valentina Bogado,https://www.instagram.com/valentinabogado/,,,,"https://www.tiktok.com/@valentinabogado",,fashion,410000,MEDIUM,B
benjamintorres,Benjamin Torres,https://www.instagram.com/benjamintorres/,,,,"https://www.tiktok.com/@benjamintorres",,lifestyle,400000,LOW,B
estephanierios,Stephanie Rios,https://www.instagram.com/estephanierios/,,,,"https://www.tiktok.com/@estephanierios",,food blogger,400000,MEDIUM,B
carolina_ferreira,Carolina Ferreira,https://www.instagram.com/carolina_ferreira/,,,,,,lifestyle,380000,LOW,B
milagrosvillar,Milagros Villar,https://www.instagram.com/milagrosvillar/,,,,"https://www.tiktok.com/@milagrosvillar",,lifestyle,370000,LOW,B
juli_perez,Juli Perez,https://www.instagram.com/juli_perez/,,,,,,fashion,360000,MEDIUM,B
andrufranz,Andrea Franz,https://www.instagram.com/andrufranz/,,,,,,family,351000,LOW,B
belen_enciso,Belen Enciso,https://www.instagram.com/belen_enciso/,,,,,,lifestyle,350000,LOW,B
brunnavalic,Brunna Valic,https://www.instagram.com/brunnavalic/,,,,"https://www.tiktok.com/@brunnavalic",,beauty,350000,MEDIUM,B
nattybalbuena,Natty Balbuena,https://www.instagram.com/nattybalbuena/,,,,"https://www.tiktok.com/@nattybalbuena",,fashion,350000,MEDIUM,B
agustinaramirez,Agustina Ramirez,https://www.instagram.com/agustinaramirez/,,,,"https://www.tiktok.com/@agustinaramirez",,lifestyle,340000,LOW,B
vale_medina,Vale Medina,https://www.instagram.com/vale_medina/,,,,,,fashion,330000,MEDIUM,B
lizzirecetas,Lizzi Piñanez,https://www.instagram.com/lizzirecetas/,,,,,,food,325000,HIGH,A
eliasperezpy,Elias Perez,https://www.instagram.com/eliasperezpy/,,,,"https://www.tiktok.com/@eliasperezpy",,healthcare parody,323000,LOW,C
luciana_riveros,Luciana Riveros,https://www.instagram.com/luciana_riveros/,,,,,,lifestyle,320000,LOW,B
maferlobos,Mafer Lobon,https://www.instagram.com/maferlobos/,,,,"https://www.tiktok.com/@maferlobos",,fashion,320000,MEDIUM,B
nicogomezpy,Nico Gomez,https://www.instagram.com/nicogomezpy/,,,,"https://www.tiktok.com/@nicogomezpy",,lifestyle,310000,LOW,B
guidopenayopy,Guido Penayo,https://www.instagram.com/guidopenayopy/,,,,,,lifestyle,300000,LOW,B
sofiapereyra,Sofia Pereyra,https://www.instagram.com/sofiapereyra/,,,,"https://www.tiktok.com/@sofiapereyra",,beauty,290000,MEDIUM,B
meligaleanopy,Meli Galeano,https://www.instagram.com/meligaleanopy/,,,,,,lifestyle,281000,LOW,B
malenarojas,Malena Rojas,https://www.instagram.com/malenarojas/,,,,"https://www.tiktok.com/@malenarojas",,fashion,270000,MEDIUM,B
karenn.avz,Karen Alvarez,https://www.instagram.com/karenn.avz/,,,,,,lifestyle,254000,LOW,B
anabella_paredes,Anabella Paredes,https://www.instagram.com/anabella_paredes/,,,,,,nutrition/fitness,96900,HIGH,A
paulichavez_,Pauli Chavez,https://www.instagram.com/paulichavez_/,,,,"https://www.tiktok.com/@paulichavez_",,fitness,42400,HIGH,A
arevalosjoha,Arevalos Joha,https://www.instagram.com/arevalosjoha/,,,,"https://www.tiktok.com/@arevalosjoha",,fitness,35000,HIGH,A
diego_aguero1,Diego Aguero,https://www.instagram.com/dieguero1/,,,,"https://www.tiktok.com/@dieguero1",,fitness,34100,HIGH,A
powerformpy,Powerformpy,https://www.instagram.com/powerformpy/,,,,"https://www.tiktok.com/@powerformpy",,fitness,29700,HIGH,A
torreselitetraining,Torres Elite Training,https://www.instagram.com/torreselitetraining/,,,,"https://www.tiktok.com/@torreselitetraining",,fitness,24400,HIGH,A
greciaroalbarino,Grecia Roa Albariño,https://www.instagram.com/greciaroalbarino/,,,,,,lifestyle,24500,LOW,B
sharu_aguilar,Sharubigail Aguilar,https://www.instagram.com/sharu_aguilar/,,,,,,lifestyle,24300,LOW,B
jemijoestar,Jemi,https://www.instagram.com/jemijoestar/,,,,,,fitness coach,48500,HIGH,A
manu_enci,SOY MANU,https://www.instagram.com/manu_enci/,,,,,,sports/fitness,6200,HIGH,A
enmanuel_baez,Enma Baez,https://www.instagram.com/enmanuel_baez/,,,,,,lifestyle,5800,LOW,B
feracosta,Fer Acosta,https://www.instagram.com/feracosta/,,,,"https://www.tiktok.com/@feracosta",,sexual health education,3000,LOW,C
